Build started 9/23/2026 12:15:05 PM.
Overriding target "GetFrameworkPaths" in project "C:\Windows\Microsoft.NET\Framework64\v4.0.30319\Microsoft.Common.targets" with target "GetFrameworkPaths" from project "C:\Windows\Microsoft.NET\Framework64\v4.0.30319\Microsoft.NETFramework.targets".
Overriding target "SatelliteDllsProjectOutputGroup" in project "C:\Windows\Microsoft.NET\Framework64\v4.0.30319\Microsoft.Common.targets" with target "SatelliteDllsProjectOutputGroup" from project "C:\Windows\Microsoft.NET\Framework64\v4.0.30319\Microsoft.WinFX.targets".
Project "D:\PCCFP Institute\ppccfpi_files\cd-cs\assignment_code\assignment_code\assignment_code.csproj" on node 1 (Build target(s)).
Building with tools version "15.0".
Project file contains ToolsVersion="15.0". This toolset may be unknown or missing, in which case you may be able to resolve this by installing the appropriate version of MSBuild, or the build may have been forced to a particular ToolsVersion for policy reasons. Treating the project as if it had ToolsVersion="4.0". For more information, please see http://go.microsoft.com/fwlink/?LinkId=291333.
Target "_CheckForInvalidConfigurationAndPlatform" in file "C:\Windows\Microsoft.NET\Framework64\v4.0.30319\Microsoft.Common.targets" from project "D:\PCCFP Institute\ppccfpi_files\cd-cs\assignment_code\assignment_code\assignment_code.csproj" (entry point):
Task "Error" skipped, due to false condition; ( '$(_InvalidConfigurationError)' == 'true' ) was evaluated as ( '' == 'true' ).
Task "Warning" skipped, due to false condition; ( '$(_InvalidConfigurationWarning)' == 'true' ) was evaluated as ( '' == 'true' ).
Using "Message" task from assembly "Microsoft.Build.Tasks.v4.0, Version=4.0.0.0, Culture=neutral, PublicKeyToken=b03f5f7f11d50a3a".
Task "Message"
  Configuration=Debug
Done executing task "Message".
Task "Message"
  Platform=AnyCPU
Done executing task "Message".
Task "Error" skipped, due to false condition; ('$(OutDir)' != '' and !HasTrailingSlash('$(OutDir)')) was evaluated as ('bin\Debug\' != '' and !HasTrailingSlash('bin\Debug\')).
Task "Error" skipped, due to false condition; ('$(BaseIntermediateOutputPath)' != '' and !HasTrailingSlash('$(BaseIntermediateOutputPath)')) was evaluated as ('obj\' != '' and !HasTrailingSlash('obj\')).
Task "Error" skipped, due to false condition; ('$(IntermediateOutputPath)' != '' and !HasTrailingSlash('$(IntermediateOutputPath)')) was evaluated as ('obj\Debug\' != '' and !HasTrailingSlash('obj\Debug\')).
Done building target "_CheckForInvalidConfigurationAndPlatform" in project "assignment_code.csproj".
Target "EntityDeploy" skipped, due to false condition; ('@(EntityDeploy)' != '') was evaluated as ('' != '').
Target "BeforeBuild" in file "C:\Windows\Microsoft.NET\Framework64\v4.0.30319\Microsoft.Common.targets" from project "D:\PCCFP Institute\ppccfpi_files\cd-cs\assignment_code\assignment_code\assignment_code.csproj" (target "Build" depends on it):
Done building target "BeforeBuild" in project "assignment_code.csproj".
Target "BuildOnlySettings" in file "C:\Windows\Microsoft.NET\Framework64\v4.0.30319\Microsoft.Common.targets" from project "D:\PCCFP Institute\ppccfpi_files\cd-cs\assignment_code\assignment_code\assignment_code.csproj" (target "CoreBuild" depends on it):
Done building target "BuildOnlySettings" in project "assignment_code.csproj".
Target "GetFrameworkPaths" in file "C:\Windows\Microsoft.NET\Framework64\v4.0.30319\Microsoft.NETFramework.targets" from project "D:\PCCFP Institute\ppccfpi_files\cd-cs\assignment_code\assignment_code\assignment_code.csproj" (target "PrepareForBuild" depends on it):
Done building target "GetFrameworkPaths" in project "assignment_code.csproj".
Target "GetWinFXPath" skipped, due to false condition; (('@(Page)' != '' or '@(ApplicationDefinition)' != '' or '@(Resource)' != '') and ('$(GetWinFXNativePath)' != '' or '$(GetWinFXWoWPath)' != '' )) was evaluated as (('' != '' or '' != '' or '' != '') and ('' != '' or '' != '' )).
Target "GetReferenceAssemblyPaths" in file "C:\Windows\Microsoft.NET\Framework64\v4.0.30319\Microsoft.Common.targets" from project "D:\PCCFP Institute\ppccfpi_files\cd-cs\assignment_code\assignment_code\assignment_code.csproj" (target "PrepareForBuild" depends on it):
Using "GetReferenceAssemblyPaths" task from assembly "Microsoft.Build.Tasks.v4.0, Version=4.0.0.0, Culture=neutral, PublicKeyToken=b03f5f7f11d50a3a".
Task "GetReferenceAssemblyPaths"
Done executing task "GetReferenceAssemblyPaths".
Done building target "GetReferenceAssemblyPaths" in project "assignment_code.csproj".
Target "PrepareForBuild" in file "C:\Windows\Microsoft.NET\Framework64\v4.0.30319\Microsoft.Common.targets" from project "D:\PCCFP Institute\ppccfpi_files\cd-cs\assignment_code\assignment_code\assignment_code.csproj" (target "CoreBuild" depends on it):
Using "FindAppConfigFile" task from assembly "Microsoft.Build.Tasks.v4.0, Version=4.0.0.0, Culture=neutral, PublicKeyToken=b03f5f7f11d50a3a".
Task "FindAppConfigFile"
  Found "App.config".
Done executing task "FindAppConfigFile".
Using "MakeDir" task from assembly "Microsoft.Build.Tasks.v4.0, Version=4.0.0.0, Culture=neutral, PublicKeyToken=b03f5f7f11d50a3a".
Task "MakeDir"
Done executing task "MakeDir".
Done building target "PrepareForBuild" in project "assignment_code.csproj".
Target "PreBuildEvent" skipped, due to false condition; ('$(PreBuildEvent)'!='') was evaluated as (''!='').
Target "BeforeResolveReferences" in file "C:\Windows\Microsoft.NET\Framework64\v4.0.30319\Microsoft.Common.targets" from project "D:\PCCFP Institute\ppccfpi_files\cd-cs\assignment_code\assignment_code\assignment_code.csproj" (target "ResolveReferences" depends on it):
Done building target "BeforeResolveReferences" in project "assignment_code.csproj".
Target "AssignProjectConfiguration" skipped, due to false condition; ('$(CurrentSolutionConfigurationContents)' != '' or '@(ProjectReference)'!='') was evaluated as ('' != '' or ''!='').
Target "AssignProjectConfiguration" skipped, due to false condition; ('$(CurrentSolutionConfigurationContents)' != '' or '@(ProjectReference)'!='') was evaluated as ('' != '' or ''!='').
Target "_SplitProjectReferencesByFileExistence" in file "C:\Windows\Microsoft.NET\Framework64\v4.0.30319\Microsoft.Common.targets" from project "D:\PCCFP Institute\ppccfpi_files\cd-cs\assignment_code\assignment_code\assignment_code.csproj" (target "ResolveProjectReferences" depends on it):
Task "ResolveNonMSBuildProjectOutput" skipped, due to false condition; ('$(BuildingInsideVisualStudio)'=='true' and '@(ProjectReferenceWithConfiguration)'!='') was evaluated as (''=='true' and ''!='').
Done building target "_SplitProjectReferencesByFileExistence" in project "assignment_code.csproj".
Target "ResolveProjectReferences" in file "C:\Windows\Microsoft.NET\Framework64\v4.0.30319\Microsoft.Common.targets" from project "D:\PCCFP Institute\ppccfpi_files\cd-cs\assignment_code\assignment_code\assignment_code.csproj" (target "ResolveReferences" depends on it):
Task "MSBuild" skipped, due to false condition; ('%(_MSBuildProjectReferenceExistent.BuildReference)' == 'true' and '@(ProjectReferenceWithConfiguration)' != '' and ('$(BuildingInsideVisualStudio)' == 'true' or '$(BuildProjectReferences)' != 'true') and '$(VisualStudioVersion)' != '10.0' and '@(_MSBuildProjectReferenceExistent)' != '') was evaluated as ('' == 'true' and '' != '' and ('' == 'true' or 'true' != 'true') and '11.0' != '10.0' and '' != '').
Task "MSBuild" skipped, due to false condition; ('%(_MSBuildProjectReferenceExistent.BuildReference)' == 'true' and '@(ProjectReferenceWithConfiguration)' != '' and ('$(BuildingInsideVisualStudio)' == 'true' or '$(BuildProjectReferences)' != 'true') and '$(VisualStudioVersion)' == '10.0' and '@(_MSBuildProjectReferenceExistent)' != '') was evaluated as ('' == 'true' and '' != '' and ('' == 'true' or 'true' != 'true') and '11.0' == '10.0' and '' != '').
Task "MSBuild" skipped, due to false condition; ('%(_MSBuildProjectReferenceExistent.BuildReference)' == 'true' and '@(ProjectReferenceWithConfiguration)' != '' and '$(BuildingInsideVisualStudio)' != 'true' and '$(BuildProjectReferences)' == 'true' and '@(_MSBuildProjectReferenceExistent)' != '') was evaluated as ('' == 'true' and '' != '' and '' != 'true' and 'true' == 'true' and '' != '').
Task "MSBuild" skipped, due to false condition; ('%(_MSBuildProjectReferenceExistent.BuildReference)' == 'true' and '@(ProjectReferenceWithConfiguration)' != '' and '$(BuildingProject)' == 'true' and '@(_MSBuildProjectReferenceExistent)' != '') was evaluated as ('' == 'true' and '' != '' and 'true' == 'true' and '' != '').
Task "Warning" skipped, due to false condition; ('@(ProjectReferenceWithConfiguration)' != '' and '@(_MSBuildProjectReferenceNonexistent)' != '') was evaluated as ('' != '' and '' != '').
Done building target "ResolveProjectReferences" in project "assignment_code.csproj".
Target "ResolveNativeReferences" skipped, due to false condition; ('@(NativeReference)'!='') was evaluated as (''!='').
Target "GetFrameworkPaths" skipped. Previously built successfully.
Target "GetReferenceAssemblyPaths" skipped. Previously built successfully.
Target "PrepareForBuild" skipped. Previously built successfully.
Target "GetInstalledSDKLocations" in file "C:\Windows\Microsoft.NET\Framework64\v4.0.30319\Microsoft.Common.targets" from project "D:\PCCFP Institute\ppccfpi_files\cd-cs\assignment_code\assignment_code\assignment_code.csproj" (target "ResolveSDKReferences" depends on it):
Task "GetInstalledSDKLocations" skipped, due to false condition; ('@(SDKReference)' != '') was evaluated as ('' != '').
Done building target "GetInstalledSDKLocations" in project "assignment_code.csproj".
Target "ResolveSDKReferences" in file "C:\Windows\Microsoft.NET\Framework64\v4.0.30319\Microsoft.Common.targets" from project "D:\PCCFP Institute\ppccfpi_files\cd-cs\assignment_code\assignment_code\assignment_code.csproj" (target "ResolveAssemblyReferences" depends on it):
Task "ResolveSDKReference" skipped, due to false condition; ('@(SDKReference)'!='') was evaluated as (''!='').
Done building target "ResolveSDKReferences" in project "assignment_code.csproj".
Target "ResolveSDKReferences" skipped. Previously built successfully.
Target "ExpandSDKReferences" in file "C:\Windows\Microsoft.NET\Framework64\v4.0.30319\Microsoft.Common.targets" from project "D:\PCCFP Institute\ppccfpi_files\cd-cs\assignment_code\assignment_code\assignment_code.csproj" (target "ResolveAssemblyReferences" depends on it):
Task "GetSDKReferenceFiles" skipped, due to false condition; ('@(ResolvedSDKReference)'!='') was evaluated as (''!='').
Done building target "ExpandSDKReferences" in project "assignment_code.csproj".
Target "ResolveAssemblyReferences" in file "C:\Windows\Microsoft.NET\Framework64\v4.0.30319\Microsoft.Common.targets" from project "D:\PCCFP Institute\ppccfpi_files\cd-cs\assignment_code\assignment_code\assignment_code.csproj" (target "ResolveReferences" depends on it):
Using "ResolveAssemblyReference" task from assembly "Microsoft.Build.Tasks.v4.0, Version=4.0.0.0, Culture=neutral, PublicKeyToken=b03f5f7f11d50a3a".
Task "ResolveAssemblyReference"
  TargetFrameworkMoniker:
      .NETFramework,Version=v4.8
  TargetFrameworkMonikerDisplayName:
      .NET Framework 4.8
  TargetedRuntimeVersion:
      v4.0.30319
  Assemblies:
      Npgsql
          HintPath = 'bin\Debug\Npgsql.dll'
      Microsoft.Bcl.AsyncInterfaces
          HintPath = 'bin\Debug\Microsoft.Bcl.AsyncInterfaces.dll'
      System.Buffers
          HintPath = 'bin\Debug\System.Buffers.dll'
      System.Memory
          HintPath = 'bin\Debug\System.Memory.dll'
      System.Numerics.Vectors
          HintPath = 'bin\Debug\System.Numerics.Vectors.dll'
      System.Runtime.CompilerServices.Unsafe
          HintPath = 'bin\Debug\System.Runtime.CompilerServices.Unsafe.dll'
      System.Text.Encodings.Web
          HintPath = 'bin\Debug\System.Text.Encodings.Web.dll'
      System.Text.Json
          HintPath = 'bin\Debug\System.Text.Json.dll'
      System.Threading.Tasks.Extensions
          HintPath = 'bin\Debug\System.Threading.Tasks.Extensions.dll'
      System.ValueTuple
          HintPath = 'bin\Debug\System.ValueTuple.dll'
      System
          HintPath = 'C:\Program Files (x86)\Reference Assemblies\Microsoft\Framework\.NETFramework\v4.8\System.dll'
      System.Xml.Linq
      System.Data.DataSetExtensions
      Microsoft.CSharp
      System.Data
      System.Deployment
      System.Drawing
      System.Net.Http
      System.Windows.Forms
      System.Xml
      System.Core
  AssemblyFiles:
      C:\Program Files (x86)\Reference Assemblies\Microsoft\Framework\.NETFramework\v4.8\mscorlib.dll
  CandidateAssemblyFiles:
  TargetFrameworkDirectories:
      C:\Program Files (x86)\Reference Assemblies\Microsoft\Framework\.NETFramework\v4.8\,C:\Program Files (x86)\Reference Assemblies\Microsoft\Framework\.NETFramework\v4.8\Facades\
  InstalledAssemblyTables:
  IgnoreInstalledAssemblyTable:
      False
  SearchPaths:
      {CandidateAssemblyFiles}
      {HintPathFromItem}
      {TargetFrameworkDirectory}
      {Registry:Software\Microsoft\.NETFramework,v4.8,AssemblyFoldersEx}
      {AssemblyFolders}
      {GAC}
      {RawFileName}
      bin\Debug\
  AllowedAssemblyExtensions:
      .winmd
      .dll
      .exe
  AllowedRelatedFileExtensions:
      .pdb
      .xml
      .pri
  AppConfigFile:
      App.config
  AutoUnify:
      False
  CopyLocalDependenciesWhenParentReferenceInGac:
      True
  FindDependencies:
      True
  TargetProcessorArchitecture:
      msil
  StateFile:
      obj\Debug\assignment_code.csprojResolveAssemblyReference.cache
  InstalledAssemblySubsetTables:
  IgnoreInstalledAssemblySubsetTable:
      False
  TargetFrameworkSubsets:
  FullTargetFrameworkSubsetNames:
      Full
  ProfileName:
      
  FullFrameworkFolders:
      C:\Program Files (x86)\Reference Assemblies\Microsoft\Framework\.NETFramework\v4.8\
  LatestTargetFrameworkDirectories:
  ProfileTablesLocation:
C:\Windows\Microsoft.NET\Framework64\v4.0.30319\Microsoft.Common.targets(1605,5): warning MSB3257: The primary reference "System.ValueTuple" could not be resolved because it has a higher version "4.0.3.0" than exists in the current target framework. The version found in the current target framework is "4.0.2.0". [D:\PCCFP Institute\ppccfpi_files\cd-cs\assignment_code\assignment_code\assignment_code.csproj]
C:\Windows\Microsoft.NET\Framework64\v4.0.30319\Microsoft.Common.targets(1605,5): warning MSB3258: The primary reference "Npgsql" could not be resolved because it has an indirect dependency on the .NET Framework assembly "System.ValueTuple, Version=4.0.3.0, Culture=neutral, PublicKeyToken=cc7b13ffcd2ddd51" which has a higher version "4.0.3.0" than the version "4.0.2.0" in the current target framework. [D:\PCCFP Institute\ppccfpi_files\cd-cs\assignment_code\assignment_code\assignment_code.csproj]
C:\Windows\Microsoft.NET\Framework64\v4.0.30319\Microsoft.Common.targets(1605,5): warning MSB3258: The primary reference "System.Text.Json" could not be resolved because it has an indirect dependency on the .NET Framework assembly "System.ValueTuple, Version=4.0.3.0, Culture=neutral, PublicKeyToken=cc7b13ffcd2ddd51" which has a higher version "4.0.3.0" than the version "4.0.2.0" in the current target framework. [D:\PCCFP Institute\ppccfpi_files\cd-cs\assignment_code\assignment_code\assignment_code.csproj]
  Primary reference "mscorlib, Version=4.0.0.0, Culture=neutral, PublicKeyToken=b77a5c561934e089".
      Resolved file path is "C:\Program Files (x86)\Reference Assemblies\Microsoft\Framework\.NETFramework\v4.8\mscorlib.dll".
      Reference found at search path location "C:\Program Files (x86)\Reference Assemblies\Microsoft\Framework\.NETFramework\v4.8\mscorlib.dll".
      This reference is not "CopyLocal" because it's a prerequisite file.
      The ImageRuntimeVersion for this reference is "v4.0.30319".
  Primary reference "System.Xml.Linq, Version=4.0.0.0, Culture=neutral, PublicKeyToken=b77a5c561934e089".
      Resolved file path is "C:\Program Files (x86)\Reference Assemblies\Microsoft\Framework\.NETFramework\v4.8\System.Xml.Linq.dll".
      Reference found at search path location "{TargetFrameworkDirectory}".
          For SearchPath "{TargetFrameworkDirectory}".
          Considered "C:\Program Files (x86)\Reference Assemblies\Microsoft\Framework\.NETFramework\v4.8\System.Xml.Linq.winmd", but it didn't exist.
      This reference is not "CopyLocal" because it's a prerequisite file.
      The ImageRuntimeVersion for this reference is "v4.0.30319".
  Primary reference "Microsoft.Bcl.AsyncInterfaces, Version=1.0.0.0, Culture=neutral, PublicKeyToken=cc7b13ffcd2ddd51".
      Resolved file path is "D:\PCCFP Institute\ppccfpi_files\cd-cs\assignment_code\assignment_code\bin\Debug\Microsoft.Bcl.AsyncInterfaces.dll".
      Reference found at search path location "{HintPathFromItem}".
      The ImageRuntimeVersion for this reference is "v4.0.30319".
  Unified primary reference "System.Buffers, Version=4.0.3.0, Culture=neutral, PublicKeyToken=cc7b13ffcd2ddd51".
      Using this version instead of original version "4.0.2.0" in "D:\PCCFP Institute\ppccfpi_files\cd-cs\assignment_code\assignment_code\bin\Debug\System.Memory.dll" because of a binding redirect entry in the file "App.config".
      Using this version instead of original version "4.0.2.0" in "D:\PCCFP Institute\ppccfpi_files\cd-cs\assignment_code\assignment_code\bin\Debug\System.Text.Json.dll" because of a binding redirect entry in the file "App.config".
      Resolved file path is "D:\PCCFP Institute\ppccfpi_files\cd-cs\assignment_code\assignment_code\bin\Debug\System.Buffers.dll".
      Reference found at search path location "{HintPathFromItem}".
      The ImageRuntimeVersion for this reference is "v4.0.30319".
  Primary reference "System.Memory, Version=4.0.1.1, Culture=neutral, PublicKeyToken=cc7b13ffcd2ddd51".
      Resolved file path is "D:\PCCFP Institute\ppccfpi_files\cd-cs\assignment_code\assignment_code\bin\Debug\System.Memory.dll".
      Reference found at search path location "{HintPathFromItem}".
      The ImageRuntimeVersion for this reference is "v4.0.30319".
  Unified primary reference "System.Numerics.Vectors, Version=4.1.4.0, Culture=neutral, PublicKeyToken=b03f5f7f11d50a3a".
      Using this version instead of original version "4.1.3.0" in "D:\PCCFP Institute\ppccfpi_files\cd-cs\assignment_code\assignment_code\bin\Debug\System.Memory.dll" because of a binding redirect entry in the file "App.config".
      Resolved file path is "D:\PCCFP Institute\ppccfpi_files\cd-cs\assignment_code\assignment_code\bin\Debug\System.Numerics.Vectors.dll".
      Reference found at search path location "{HintPathFromItem}".
      The ImageRuntimeVersion for this reference is "v4.0.30319".
  Unified primary reference "System.Runtime.CompilerServices.Unsafe, Version=4.0.5.0, Culture=neutral, PublicKeyToken=b03f5f7f11d50a3a".
      Using this version instead of original version "4.0.4.1" in "D:\PCCFP Institute\ppccfpi_files\cd-cs\assignment_code\assignment_code\bin\Debug\System.Memory.dll" because of a binding redirect entry in the file "App.config".
      Using this version instead of original version "4.0.4.1" in "D:\PCCFP Institute\ppccfpi_files\cd-cs\assignment_code\assignment_code\bin\Debug\System.Threading.Tasks.Extensions.dll" because of a binding redirect entry in the file "App.config".
      Resolved file path is "D:\PCCFP Institute\ppccfpi_files\cd-cs\assignment_code\assignment_code\bin\Debug\System.Runtime.CompilerServices.Unsafe.dll".
      Reference found at search path location "{HintPathFromItem}".
      The ImageRuntimeVersion for this reference is "v4.0.30319".
  Primary reference "System.Text.Encodings.Web, Version=4.0.4.0, Culture=neutral, PublicKeyToken=cc7b13ffcd2ddd51".
      Resolved file path is "D:\PCCFP Institute\ppccfpi_files\cd-cs\assignment_code\assignment_code\bin\Debug\System.Text.Encodings.Web.dll".
      Reference found at search path location "{HintPathFromItem}".
      The ImageRuntimeVersion for this reference is "v4.0.30319".
  Primary reference "System, Version=4.0.0.0, Culture=neutral, PublicKeyToken=b77a5c561934e089".
      Resolved file path is "C:\Program Files (x86)\Reference Assemblies\Microsoft\Framework\.NETFramework\v4.8\System.dll".
      Reference found at search path location "{HintPathFromItem}".
      This reference is not "CopyLocal" because it's in a Frameworks directory.
      The ImageRuntimeVersion for this reference is "v4.0.30319".
  Unified primary reference "System.Threading.Tasks.Extensions, Version=4.2.0.1, Culture=neutral, PublicKeyToken=cc7b13ffcd2ddd51".
      Using this version instead of original version "4.2.0.0" in "D:\PCCFP Institute\ppccfpi_files\cd-cs\assignment_code\assignment_code\bin\Debug\Microsoft.Bcl.AsyncInterfaces.dll" because of a binding redirect entry in the file "App.config".
      Using this version instead of original version "4.2.0.0" in "D:\PCCFP Institute\ppccfpi_files\cd-cs\assignment_code\assignment_code\bin\Debug\System.Text.Json.dll" because of a binding redirect entry in the file "App.config".
      Resolved file path is "D:\PCCFP Institute\ppccfpi_files\cd-cs\assignment_code\assignment_code\bin\Debug\System.Threading.Tasks.Extensions.dll".
      Reference found at search path location "{HintPathFromItem}".
      The ImageRuntimeVersion for this reference is "v4.0.30319".
  Primary reference "System.Data.DataSetExtensions, Version=4.0.0.0, Culture=neutral, PublicKeyToken=b77a5c561934e089".
      Resolved file path is "C:\Program Files (x86)\Reference Assemblies\Microsoft\Framework\.NETFramework\v4.8\System.Data.DataSetExtensions.dll".
      Reference found at search path location "{TargetFrameworkDirectory}".
          For SearchPath "{TargetFrameworkDirectory}".
          Considered "C:\Program Files (x86)\Reference Assemblies\Microsoft\Framework\.NETFramework\v4.8\System.Data.DataSetExtensions.winmd", but it didn't exist.
      This reference is not "CopyLocal" because it's a prerequisite file.
      The ImageRuntimeVersion for this reference is "v4.0.30319".
  Primary reference "Microsoft.CSharp, Version=4.0.0.0, Culture=neutral, PublicKeyToken=b03f5f7f11d50a3a".
      Resolved file path is "C:\Program Files (x86)\Reference Assemblies\Microsoft\Framework\.NETFramework\v4.8\Microsoft.CSharp.dll".
      Reference found at search path location "{TargetFrameworkDirectory}".
          For SearchPath "{TargetFrameworkDirectory}".
          Considered "C:\Program Files (x86)\Reference Assemblies\Microsoft\Framework\.NETFramework\v4.8\Microsoft.CSharp.winmd", but it didn't exist.
      This reference is not "CopyLocal" because it's a prerequisite file.
      The ImageRuntimeVersion for this reference is "v4.0.30319".
  Primary reference "System.Data, Version=4.0.0.0, Culture=neutral, PublicKeyToken=b77a5c561934e089".
      Resolved file path is "C:\Program Files (x86)\Reference Assemblies\Microsoft\Framework\.NETFramework\v4.8\System.Data.dll".
      Reference found at search path location "{TargetFrameworkDirectory}".
          For SearchPath "{TargetFrameworkDirectory}".
          Considered "C:\Program Files (x86)\Reference Assemblies\Microsoft\Framework\.NETFramework\v4.8\System.Data.winmd", but it didn't exist.
      This reference is not "CopyLocal" because it's a prerequisite file.
      The ImageRuntimeVersion for this reference is "v4.0.30319".
  Primary reference "System.Deployment, Version=4.0.0.0, Culture=neutral, PublicKeyToken=b03f5f7f11d50a3a".
      Resolved file path is "C:\Program Files (x86)\Reference Assemblies\Microsoft\Framework\.NETFramework\v4.8\System.Deployment.dll".
      Reference found at search path location "{TargetFrameworkDirectory}".
          For SearchPath "{TargetFrameworkDirectory}".
          Considered "C:\Program Files (x86)\Reference Assemblies\Microsoft\Framework\.NETFramework\v4.8\System.Deployment.winmd", but it didn't exist.
      This reference is not "CopyLocal" because it's a prerequisite file.
      The ImageRuntimeVersion for this reference is "v4.0.30319".
  Primary reference "System.Drawing, Version=4.0.0.0, Culture=neutral, PublicKeyToken=b03f5f7f11d50a3a".
      Resolved file path is "C:\Program Files (x86)\Reference Assemblies\Microsoft\Framework\.NETFramework\v4.8\System.Drawing.dll".
      Reference found at search path location "{TargetFrameworkDirectory}".
          For SearchPath "{TargetFrameworkDirectory}".
          Considered "C:\Program Files (x86)\Reference Assemblies\Microsoft\Framework\.NETFramework\v4.8\System.Drawing.winmd", but it didn't exist.
      This reference is not "CopyLocal" because it's a prerequisite file.
      The ImageRuntimeVersion for this reference is "v4.0.30319".
  Primary reference "System.Net.Http, Version=4.2.0.0, Culture=neutral, PublicKeyToken=b03f5f7f11d50a3a".
      Resolved file path is "C:\Program Files (x86)\Reference Assemblies\Microsoft\Framework\.NETFramework\v4.8\System.Net.Http.dll".
      Reference found at search path location "{TargetFrameworkDirectory}".
          For SearchPath "{TargetFrameworkDirectory}".
          Considered "C:\Program Files (x86)\Reference Assemblies\Microsoft\Framework\.NETFramework\v4.8\System.Net.Http.winmd", but it didn't exist.
      This reference is not "CopyLocal" because it's a prerequisite file.
      The ImageRuntimeVersion for this reference is "v4.0.30319".
  Primary reference "System.Windows.Forms, Version=4.0.0.0, Culture=neutral, PublicKeyToken=b77a5c561934e089".
      Resolved file path is "C:\Program Files (x86)\Reference Assemblies\Microsoft\Framework\.NETFramework\v4.8\System.Windows.Forms.dll".
      Reference found at search path location "{TargetFrameworkDirectory}".
          For SearchPath "{TargetFrameworkDirectory}".
          Considered "C:\Program Files (x86)\Reference Assemblies\Microsoft\Framework\.NETFramework\v4.8\System.Windows.Forms.winmd", but it didn't exist.
      This reference is not "CopyLocal" because it's a prerequisite file.
      The ImageRuntimeVersion for this reference is "v4.0.30319".
  Primary reference "System.Xml, Version=4.0.0.0, Culture=neutral, PublicKeyToken=b77a5c561934e089".
      Resolved file path is "C:\Program Files (x86)\Reference Assemblies\Microsoft\Framework\.NETFramework\v4.8\System.Xml.dll".
      Reference found at search path location "{TargetFrameworkDirectory}".
          For SearchPath "{TargetFrameworkDirectory}".
          Considered "C:\Program Files (x86)\Reference Assemblies\Microsoft\Framework\.NETFramework\v4.8\System.Xml.winmd", but it didn't exist.
      This reference is not "CopyLocal" because it's a prerequisite file.
      The ImageRuntimeVersion for this reference is "v4.0.30319".
  Primary reference "System.Core, Version=4.0.0.0, Culture=neutral, PublicKeyToken=b77a5c561934e089".
      Resolved file path is "C:\Program Files (x86)\Reference Assemblies\Microsoft\Framework\.NETFramework\v4.8\System.Core.dll".
      Reference found at search path location "{TargetFrameworkDirectory}".
          For SearchPath "{TargetFrameworkDirectory}".
          Considered "C:\Program Files (x86)\Reference Assemblies\Microsoft\Framework\.NETFramework\v4.8\System.Core.winmd", but it didn't exist.
      This reference is not "CopyLocal" because it's a prerequisite file.
      The ImageRuntimeVersion for this reference is "v4.0.30319".
  Dependency "netstandard, Version=2.0.0.0, Culture=neutral, PublicKeyToken=cc7b13ffcd2ddd51".
      Resolved file path is "C:\Program Files (x86)\Reference Assemblies\Microsoft\Framework\.NETFramework\v4.8\Facades\netstandard.dll".
      Reference found at search path location "{TargetFrameworkDirectory}".
          For SearchPath "D:\PCCFP Institute\ppccfpi_files\cd-cs\assignment_code\assignment_code\bin\Debug".
          Considered "D:\PCCFP Institute\ppccfpi_files\cd-cs\assignment_code\assignment_code\bin\Debug\netstandard.winmd", but it didn't exist.
          Considered "D:\PCCFP Institute\ppccfpi_files\cd-cs\assignment_code\assignment_code\bin\Debug\netstandard.dll", but it didn't exist.
          Considered "D:\PCCFP Institute\ppccfpi_files\cd-cs\assignment_code\assignment_code\bin\Debug\netstandard.exe", but it didn't exist.
          For SearchPath "{TargetFrameworkDirectory}".
          Considered "C:\Program Files (x86)\Reference Assemblies\Microsoft\Framework\.NETFramework\v4.8\netstandard.winmd", but it didn't exist.
          Considered "C:\Program Files (x86)\Reference Assemblies\Microsoft\Framework\.NETFramework\v4.8\netstandard.dll", but it didn't exist.
          Considered "C:\Program Files (x86)\Reference Assemblies\Microsoft\Framework\.NETFramework\v4.8\netstandard.exe", but it didn't exist.
          Considered "C:\Program Files (x86)\Reference Assemblies\Microsoft\Framework\.NETFramework\v4.8\Facades\netstandard.winmd", but it didn't exist.
      Required by "System.Memory".
      Required by "System.Text.Json".
      Required by "System.Threading.Tasks.Extensions".
      Required by "System.Buffers".
      Required by "Microsoft.Bcl.AsyncInterfaces".
      Required by "System.Text.Encodings.Web".
      Required by "Npgsql".
      This reference is not "CopyLocal" because it's a prerequisite file.
      The ImageRuntimeVersion for this reference is "v4.0.30319".
  Dependency "System.Numerics, Version=4.0.0.0, Culture=neutral, PublicKeyToken=b77a5c561934e089".
      Resolved file path is "C:\Program Files (x86)\Reference Assemblies\Microsoft\Framework\.NETFramework\v4.8\System.Numerics.dll".
      Reference found at search path location "{TargetFrameworkDirectory}".
          For SearchPath "D:\PCCFP Institute\ppccfpi_files\cd-cs\assignment_code\assignment_code\bin\Debug".
          Considered "D:\PCCFP Institute\ppccfpi_files\cd-cs\assignment_code\assignment_code\bin\Debug\System.Numerics.winmd", but it didn't exist.
          Considered "D:\PCCFP Institute\ppccfpi_files\cd-cs\assignment_code\assignment_code\bin\Debug\System.Numerics.dll", but it didn't exist.
          Considered "D:\PCCFP Institute\ppccfpi_files\cd-cs\assignment_code\assignment_code\bin\Debug\System.Numerics.exe", but it didn't exist.
          For SearchPath "{TargetFrameworkDirectory}".
          Considered "C:\Program Files (x86)\Reference Assemblies\Microsoft\Framework\.NETFramework\v4.8\System.Numerics.winmd", but it didn't exist.
      Required by "System.Numerics.Vectors".
      Required by "Npgsql".
      Required by "System.Memory".
      Required by "System.Text.Encodings.Web".
      Required by "System.Text.Json".
      This reference is not "CopyLocal" because it's a prerequisite file.
      The ImageRuntimeVersion for this reference is "v4.0.30319".
  Unified Dependency "System.Runtime, Version=4.1.2.0, Culture=neutral, PublicKeyToken=b03f5f7f11d50a3a".
      Using this version instead of original version "4.0.0.0" in "D:\PCCFP Institute\ppccfpi_files\cd-cs\assignment_code\assignment_code\bin\Debug\System.Runtime.CompilerServices.Unsafe.dll" because there is a more recent version of this framework file.
      Resolved file path is "C:\Program Files (x86)\Reference Assemblies\Microsoft\Framework\.NETFramework\v4.8\Facades\System.Runtime.dll".
      Reference found at search path location "{TargetFrameworkDirectory}".
          For SearchPath "D:\PCCFP Institute\ppccfpi_files\cd-cs\assignment_code\assignment_code\bin\Debug".
          Considered "D:\PCCFP Institute\ppccfpi_files\cd-cs\assignment_code\assignment_code\bin\Debug\System.Runtime.winmd", but it didn't exist.
          Considered "D:\PCCFP Institute\ppccfpi_files\cd-cs\assignment_code\assignment_code\bin\Debug\System.Runtime.dll", but it didn't exist.
          Considered "D:\PCCFP Institute\ppccfpi_files\cd-cs\assignment_code\assignment_code\bin\Debug\System.Runtime.exe", but it didn't exist.
          For SearchPath "{TargetFrameworkDirectory}".
          Considered "C:\Program Files (x86)\Reference Assemblies\Microsoft\Framework\.NETFramework\v4.8\System.Runtime.winmd", but it didn't exist.
          Considered "C:\Program Files (x86)\Reference Assemblies\Microsoft\Framework\.NETFramework\v4.8\System.Runtime.dll", but it didn't exist.
          Considered "C:\Program Files (x86)\Reference Assemblies\Microsoft\Framework\.NETFramework\v4.8\System.Runtime.exe", but it didn't exist.
          Considered "C:\Program Files (x86)\Reference Assemblies\Microsoft\Framework\.NETFramework\v4.8\Facades\System.Runtime.winmd", but it didn't exist.
      Required by "System.Text.Encodings.Web".
      Required by "System.Text.Json".
      Required by "System.Runtime.CompilerServices.Unsafe".
      Required by "System.Threading.Tasks.Extensions".
      Required by "Microsoft.Bcl.AsyncInterfaces".
      Required by "System.Memory".
      Required by "Npgsql".
      This reference is not "CopyLocal" because it's a prerequisite file.
      The ImageRuntimeVersion for this reference is "v4.0.30319".
Done executing task "ResolveAssemblyReference".
Done building target "ResolveAssemblyReferences" in project "assignment_code.csproj".
Target "ResolveComReferences" skipped, due to false condition; ('@(COMReference)'!='' or '@(COMFileReference)'!='') was evaluated as (''!='' or ''!='').
Target "AfterResolveReferences" in file "C:\Windows\Microsoft.NET\Framework64\v4.0.30319\Microsoft.Common.targets" from project "D:\PCCFP Institute\ppccfpi_files\cd-cs\assignment_code\assignment_code\assignment_code.csproj" (target "ResolveReferences" depends on it):
Done building target "AfterResolveReferences" in project "assignment_code.csproj".
Target "GetReferenceAssemblyPaths" skipped. Previously built successfully.
Target "ImplicitlyExpandDesignTimeFacades" in file "C:\Windows\Microsoft.NET\Framework64\v4.0.30319\Microsoft.NETFramework.targets" from project "D:\PCCFP Institute\ppccfpi_files\cd-cs\assignment_code\assignment_code\assignment_code.csproj" (target "ResolveReferences" depends on it):
Task "Message" skipped, due to false condition; ('%(ReferencePath.ResolvedFrom)' == 'ImplicitlyExpandDesignTimeFacades') was evaluated as ('{HintPathFromItem}' == 'ImplicitlyExpandDesignTimeFacades').
Task "Message" skipped, due to false condition; ('%(ReferencePath.ResolvedFrom)' == 'ImplicitlyExpandDesignTimeFacades') was evaluated as ('{TargetFrameworkDirectory}' == 'ImplicitlyExpandDesignTimeFacades').
Task "Message" skipped, due to false condition; ('%(ReferencePath.ResolvedFrom)' == 'ImplicitlyExpandDesignTimeFacades') was evaluated as ('C:\Program Files (x86)\Reference Assemblies\Microsoft\Framework\.NETFramework\v4.8\mscorlib.dll' == 'ImplicitlyExpandDesignTimeFacades').
Task "Message"
  Including C:\Program Files (x86)\Reference Assemblies\Microsoft\Framework\.NETFramework\v4.8\Facades\Microsoft.Win32.Primitives.dll;C:\Program Files (x86)\Reference Assemblies\Microsoft\Framework\.NETFramework\v4.8\Facades\netstandard.dll;C:\Program Files (x86)\Reference Assemblies\Microsoft\Framework\.NETFramework\v4.8\Facades\System.AppContext.dll;C:\Program Files (x86)\Reference Assemblies\Microsoft\Framework\.NETFramework\v4.8\Facades\System.Collections.Concurrent.dll;C:\Program Files (x86)\Reference Assemblies\Microsoft\Framework\.NETFramework\v4.8\Facades\System.Collections.dll;C:\Program Files (x86)\Reference Assemblies\Microsoft\Framework\.NETFramework\v4.8\Facades\System.Collections.NonGeneric.dll;C:\Program Files (x86)\Reference Assemblies\Microsoft\Framework\.NETFramework\v4.8\Facades\System.Collections.Specialized.dll;C:\Program Files (x86)\Reference Assemblies\Microsoft\Framework\.NETFramework\v4.8\Facades\System.ComponentModel.Annotations.dll;C:\Program Files (x86)\Reference Assemblies\Microsoft\Framework\.NETFramework\v4.8\Facades\System.ComponentModel.dll;C:\Program Files (x86)\Reference Assemblies\Microsoft\Framework\.NETFramework\v4.8\Facades\System.ComponentModel.EventBasedAsync.dll;C:\Program Files (x86)\Reference Assemblies\Microsoft\Framework\.NETFramework\v4.8\Facades\System.ComponentModel.Primitives.dll;C:\Program Files (x86)\Reference Assemblies\Microsoft\Framework\.NETFramework\v4.8\Facades\System.ComponentModel.TypeConverter.dll;C:\Program Files (x86)\Reference Assemblies\Microsoft\Framework\.NETFramework\v4.8\Facades\System.Console.dll;C:\Program Files (x86)\Reference Assemblies\Microsoft\Framework\.NETFramework\v4.8\Facades\System.Data.Common.dll;C:\Program Files (x86)\Reference Assemblies\Microsoft\Framework\.NETFramework\v4.8\Facades\System.Diagnostics.Contracts.dll;C:\Program Files (x86)\Reference Assemblies\Microsoft\Framework\.NETFramework\v4.8\Facades\System.Diagnostics.Debug.dll;C:\Program Files (x86)\Reference Assemblies\Microsoft\Framework\.NETFramework\v4.8\Facades\System.Diagnostics.FileVersionInfo.dll;C:\Program Files (x86)\Reference Assemblies\Microsoft\Framework\.NETFramework\v4.8\Facades\System.Diagnostics.Process.dll;C:\Program Files (x86)\Reference Assemblies\Microsoft\Framework\.NETFramework\v4.8\Facades\System.Diagnostics.StackTrace.dll;C:\Program Files (x86)\Reference Assemblies\Microsoft\Framework\.NETFramework\v4.8\Facades\System.Diagnostics.TextWriterTraceListener.dll;C:\Program Files (x86)\Reference Assemblies\Microsoft\Framework\.NETFramework\v4.8\Facades\System.Diagnostics.Tools.dll;C:\Program Files (x86)\Reference Assemblies\Microsoft\Framework\.NETFramework\v4.8\Facades\System.Diagnostics.TraceSource.dll;C:\Program Files (x86)\Reference Assemblies\Microsoft\Framework\.NETFramework\v4.8\Facades\System.Drawing.Primitives.dll;C:\Program Files (x86)\Reference Assemblies\Microsoft\Framework\.NETFramework\v4.8\Facades\System.Dynamic.Runtime.dll;C:\Program Files (x86)\Reference Assemblies\Microsoft\Framework\.NETFramework\v4.8\Facades\System.Globalization.Calendars.dll;C:\Program Files (x86)\Reference Assemblies\Microsoft\Framework\.NETFramework\v4.8\Facades\System.Globalization.dll;C:\Program Files (x86)\Reference Assemblies\Microsoft\Framework\.NETFramework\v4.8\Facades\System.Globalization.Extensions.dll;C:\Program Files (x86)\Reference Assemblies\Microsoft\Framework\.NETFramework\v4.8\Facades\System.IO.Compression.ZipFile.dll;C:\Program Files (x86)\Reference Assemblies\Microsoft\Framework\.NETFramework\v4.8\Facades\System.IO.dll;C:\Program Files (x86)\Reference Assemblies\Microsoft\Framework\.NETFramework\v4.8\Facades\System.IO.FileSystem.dll;C:\Program Files (x86)\Reference Assemblies\Microsoft\Framework\.NETFramework\v4.8\Facades\System.IO.FileSystem.DriveInfo.dll;C:\Program Files (x86)\Reference Assemblies\Microsoft\Framework\.NETFramework\v4.8\Facades\System.IO.FileSystem.Primitives.dll;C:\Program Files (x86)\Reference Assemblies\Microsoft\Framework\.NETFramework\v4.8\Facades\System.IO.FileSystem.Watcher.dll;C:\Program Files (x86)\Reference Assemblies\Microsoft\Framework\.NETFramework\v4.8\Facades\System.IO.IsolatedStorage.dll;C:\Program Files (x86)\Reference Assemblies\Microsoft\Framework\.NETFramework\v4.8\Facades\System.IO.MemoryMappedFiles.dll;C:\Program Files (x86)\Reference Assemblies\Microsoft\Framework\.NETFramework\v4.8\Facades\System.IO.Pipes.dll;C:\Program Files (x86)\Reference Assemblies\Microsoft\Framework\.NETFramework\v4.8\Facades\System.IO.UnmanagedMemoryStream.dll;C:\Program Files (x86)\Reference Assemblies\Microsoft\Framework\.NETFramework\v4.8\Facades\System.Linq.dll;C:\Program Files (x86)\Reference Assemblies\Microsoft\Framework\.NETFramework\v4.8\Facades\System.Linq.Expressions.dll;C:\Program Files (x86)\Reference Assemblies\Microsoft\Framework\.NETFramework\v4.8\Facades\System.Linq.Parallel.dll;C:\Program Files (x86)\Reference Assemblies\Microsoft\Framework\.NETFramework\v4.8\Facades\System.Linq.Queryable.dll;C:\Program Files (x86)\Reference Assemblies\Microsoft\Framework\.NETFramework\v4.8\Facades\System.Net.Http.Rtc.dll;C:\Program Files (x86)\Reference Assemblies\Microsoft\Framework\.NETFramework\v4.8\Facades\System.Net.NameResolution.dll;C:\Program Files (x86)\Reference Assemblies\Microsoft\Framework\.NETFramework\v4.8\Facades\System.Net.NetworkInformation.dll;C:\Program Files (x86)\Reference Assemblies\Microsoft\Framework\.NETFramework\v4.8\Facades\System.Net.Ping.dll;C:\Program Files (x86)\Reference Assemblies\Microsoft\Framework\.NETFramework\v4.8\Facades\System.Net.Primitives.dll;C:\Program Files (x86)\Reference Assemblies\Microsoft\Framework\.NETFramework\v4.8\Facades\System.Net.Requests.dll;C:\Program Files (x86)\Reference Assemblies\Microsoft\Framework\.NETFramework\v4.8\Facades\System.Net.Security.dll;C:\Program Files (x86)\Reference Assemblies\Microsoft\Framework\.NETFramework\v4.8\Facades\System.Net.Sockets.dll;C:\Program Files (x86)\Reference Assemblies\Microsoft\Framework\.NETFramework\v4.8\Facades\System.Net.WebHeaderCollection.dll;C:\Program Files (x86)\Reference Assemblies\Microsoft\Framework\.NETFramework\v4.8\Facades\System.Net.WebSockets.Client.dll;C:\Program Files (x86)\Reference Assemblies\Microsoft\Framework\.NETFramework\v4.8\Facades\System.Net.WebSockets.dll;C:\Program Files (x86)\Reference Assemblies\Microsoft\Framework\.NETFramework\v4.8\Facades\System.ObjectModel.dll;C:\Program Files (x86)\Reference Assemblies\Microsoft\Framework\.NETFramework\v4.8\Facades\System.Reflection.dll;C:\Program Files (x86)\Reference Assemblies\Microsoft\Framework\.NETFramework\v4.8\Facades\System.Reflection.Emit.dll;C:\Program Files (x86)\Reference Assemblies\Microsoft\Framework\.NETFramework\v4.8\Facades\System.Reflection.Emit.ILGeneration.dll;C:\Program Files (x86)\Reference Assemblies\Microsoft\Framework\.NETFramework\v4.8\Facades\System.Reflection.Emit.Lightweight.dll;C:\Program Files (x86)\Reference Assemblies\Microsoft\Framework\.NETFramework\v4.8\Facades\System.Reflection.Extensions.dll;C:\Program Files (x86)\Reference Assemblies\Microsoft\Framework\.NETFramework\v4.8\Facades\System.Reflection.Primitives.dll;C:\Program Files (x86)\Reference Assemblies\Microsoft\Framework\.NETFramework\v4.8\Facades\System.Resources.Reader.dll;C:\Program Files (x86)\Reference Assemblies\Microsoft\Framework\.NETFramework\v4.8\Facades\System.Resources.ResourceManager.dll;C:\Program Files (x86)\Reference Assemblies\Microsoft\Framework\.NETFramework\v4.8\Facades\System.Resources.Writer.dll;C:\Program Files (x86)\Reference Assemblies\Microsoft\Framework\.NETFramework\v4.8\Facades\System.Runtime.CompilerServices.VisualC.dll;C:\Program Files (x86)\Reference Assemblies\Microsoft\Framework\.NETFramework\v4.8\Facades\System.Runtime.dll;C:\Program Files (x86)\Reference Assemblies\Microsoft\Framework\.NETFramework\v4.8\Facades\System.Runtime.Extensions.dll;C:\Program Files (x86)\Reference Assemblies\Microsoft\Framework\.NETFramework\v4.8\Facades\System.Runtime.Handles.dll;C:\Program Files (x86)\Reference Assemblies\Microsoft\Framework\.NETFramework\v4.8\Facades\System.Runtime.InteropServices.dll;C:\Program Files (x86)\Reference Assemblies\Microsoft\Framework\.NETFramework\v4.8\Facades\System.Runtime.InteropServices.RuntimeInformation.dll;C:\Program Files (x86)\Reference Assemblies\Microsoft\Framework\.NETFramework\v4.8\Facades\System.Runtime.InteropServices.WindowsRuntime.dll;C:\Program Files (x86)\Reference Assemblies\Microsoft\Framework\.NETFramework\v4.8\Facades\System.Runtime.Numerics.dll;C:\Program Files (x86)\Reference Assemblies\Microsoft\Framework\.NETFramework\v4.8\Facades\System.Runtime.Serialization.Formatters.dll;C:\Program Files (x86)\Reference Assemblies\Microsoft\Framework\.NETFramework\v4.8\Facades\System.Runtime.Serialization.Json.dll;C:\Program Files (x86)\Reference Assemblies\Microsoft\Framework\.NETFramework\v4.8\Facades\System.Runtime.Serialization.Primitives.dll;C:\Program Files (x86)\Reference Assemblies\Microsoft\Framework\.NETFramework\v4.8\Facades\System.Runtime.Serialization.Xml.dll;C:\Program Files (x86)\Reference Assemblies\Microsoft\Framework\.NETFramework\v4.8\Facades\System.Security.Claims.dll;C:\Program Files (x86)\Reference Assemblies\Microsoft\Framework\.NETFramework\v4.8\Facades\System.Security.Cryptography.Algorithms.dll;C:\Program Files (x86)\Reference Assemblies\Microsoft\Framework\.NETFramework\v4.8\Facades\System.Security.Cryptography.Csp.dll;C:\Program Files (x86)\Reference Assemblies\Microsoft\Framework\.NETFramework\v4.8\Facades\System.Security.Cryptography.Encoding.dll;C:\Program Files (x86)\Reference Assemblies\Microsoft\Framework\.NETFramework\v4.8\Facades\System.Security.Cryptography.Primitives.dll;C:\Program Files (x86)\Reference Assemblies\Microsoft\Framework\.NETFramework\v4.8\Facades\System.Security.Cryptography.X509Certificates.dll;C:\Program Files (x86)\Reference Assemblies\Microsoft\Framework\.NETFramework\v4.8\Facades\System.Security.Principal.dll;C:\Program Files (x86)\Reference Assemblies\Microsoft\Framework\.NETFramework\v4.8\Facades\System.Security.SecureString.dll;C:\Program Files (x86)\Reference Assemblies\Microsoft\Framework\.NETFramework\v4.8\Facades\System.ServiceModel.Duplex.dll;C:\Program Files (x86)\Reference Assemblies\Microsoft\Framework\.NETFramework\v4.8\Facades\System.ServiceModel.Http.dll;C:\Program Files (x86)\Reference Assemblies\Microsoft\Framework\.NETFramework\v4.8\Facades\System.ServiceModel.NetTcp.dll;C:\Program Files (x86)\Reference Assemblies\Microsoft\Framework\.NETFramework\v4.8\Facades\System.ServiceModel.Primitives.dll;C:\Program Files (x86)\Reference Assemblies\Microsoft\Framework\.NETFramework\v4.8\Facades\System.ServiceModel.Security.dll;C:\Program Files (x86)\Reference Assemblies\Microsoft\Framework\.NETFramework\v4.8\Facades\System.Text.Encoding.dll;C:\Program Files (x86)\Reference Assemblies\Microsoft\Framework\.NETFramework\v4.8\Facades\System.Text.Encoding.Extensions.dll;C:\Program Files (x86)\Reference Assemblies\Microsoft\Framework\.NETFramework\v4.8\Facades\System.Text.RegularExpressions.dll;C:\Program Files (x86)\Reference Assemblies\Microsoft\Framework\.NETFramework\v4.8\Facades\System.Threading.dll;C:\Program Files (x86)\Reference Assemblies\Microsoft\Framework\.NETFramework\v4.8\Facades\System.Threading.Overlapped.dll;C:\Program Files (x86)\Reference Assemblies\Microsoft\Framework\.NETFramework\v4.8\Facades\System.Threading.Tasks.dll;C:\Program Files (x86)\Reference Assemblies\Microsoft\Framework\.NETFramework\v4.8\Facades\System.Threading.Tasks.Parallel.dll;C:\Program Files (x86)\Reference Assemblies\Microsoft\Framework\.NETFramework\v4.8\Facades\System.Threading.Thread.dll;C:\Program Files (x86)\Reference Assemblies\Microsoft\Framework\.NETFramework\v4.8\Facades\System.Threading.ThreadPool.dll;C:\Program Files (x86)\Reference Assemblies\Microsoft\Framework\.NETFramework\v4.8\Facades\System.Threading.Timer.dll;C:\Program Files (x86)\Reference Assemblies\Microsoft\Framework\.NETFramework\v4.8\Facades\System.ValueTuple.dll;C:\Program Files (x86)\Reference Assemblies\Microsoft\Framework\.NETFramework\v4.8\Facades\System.Xml.ReaderWriter.dll;C:\Program Files (x86)\Reference Assemblies\Microsoft\Framework\.NETFramework\v4.8\Facades\System.Xml.XDocument.dll;C:\Program Files (x86)\Reference Assemblies\Microsoft\Framework\.NETFramework\v4.8\Facades\System.Xml.XmlDocument.dll;C:\Program Files (x86)\Reference Assemblies\Microsoft\Framework\.NETFramework\v4.8\Facades\System.Xml.XmlSerializer.dll;C:\Program Files (x86)\Reference Assemblies\Microsoft\Framework\.NETFramework\v4.8\Facades\System.Xml.XPath.dll;C:\Program Files (x86)\Reference Assemblies\Microsoft\Framework\.NETFramework\v4.8\Facades\System.Xml.XPath.XDocument.dll
Done executing task "Message".
Done building target "ImplicitlyExpandDesignTimeFacades" in project "assignment_code.csproj".
Target "ResolveReferences" in file "C:\Windows\Microsoft.NET\Framework64\v4.0.30319\Microsoft.Common.targets" from project "D:\PCCFP Institute\ppccfpi_files\cd-cs\assignment_code\assignment_code\assignment_code.csproj" (target "CoreBuild" depends on it):
Done building target "ResolveReferences" in project "assignment_code.csproj".
Target "ValidationExtension" in file "C:\Windows\Microsoft.NET\Framework64\v4.0.30319\Microsoft.WorkflowBuildExtensions.targets" from project "D:\PCCFP Institute\ppccfpi_files\cd-cs\assignment_code\assignment_code\assignment_code.csproj" (target "PrepareResources" depends on it):
Task "WorkflowBuildMessageTask" skipped, due to false condition; ('$(SkipWorkflowValidation)'!='' and '$(SkipWorkflowValidation)'!='true' and '$(SkipWorkflowValidation)'!='false') was evaluated as (''!='' and ''!='true' and ''!='false').
Done building target "ValidationExtension" in project "assignment_code.csproj".
Target "ExpressionBuildExtension" in file "C:\Windows\Microsoft.NET\Framework64\v4.0.30319\Microsoft.WorkflowBuildExtensions.targets" from project "D:\PCCFP Institute\ppccfpi_files\cd-cs\assignment_code\assignment_code\assignment_code.csproj" (target "PrepareResources" depends on it):
Task "WorkflowBuildMessageTask" skipped, due to false condition; ('$(DisableWorkflowCompiledExpressions)'!='' and '$(DisableWorkflowCompiledExpressions)'!='true' and '$(DisableWorkflowCompiledExpressions)'!='false') was evaluated as (''!='' and ''!='true' and ''!='false').
Done building target "ExpressionBuildExtension" in project "assignment_code.csproj".
Target "XamlMarkupCompilePass1" skipped, due to false condition; ('@(XamlPage)' != '' or '@(XamlAppDef)' != '') was evaluated as ('' != '' or '' != '').
Target "XamlMarkupCompileReadGeneratedFileList" skipped, due to false condition; ('@(XamlPage)' != '' or '@(XamlAppDef)' != '') was evaluated as ('' != '' or '' != '').
Target "XamlMarkupCompileAddFilesGenerated" skipped, due to false condition; ('@(XamlPage)' != '' or '@(XamlAppDef)' != '') was evaluated as ('' != '' or '' != '').
Target "XamlMarkupCompilePass2" skipped, due to false condition; ('$(XamlRequiresCompilationPass2)' == 'true' ) was evaluated as ('false' == 'true' ).
Target "XamlMarkupCompileReadPass2Flag" skipped, due to false condition; ('@(XamlPage)' != '' or '@(XamlAppDef)' != '') was evaluated as ('' != '' or '' != '').
Target "XamlMarkupCompileAddExtensionFilesGenerated" skipped, due to false condition; ('@(XamlPage)' != '' or '@(XamlAppDef)' != '') was evaluated as ('' != '' or '' != '').
Target "AddDeferredValidationErrorsFileToFileWrites" skipped, due to false condition; (Exists('$(DeferredValidationErrorsFileName)')) was evaluated as (Exists('obj\Debug\\AC2C1ABA-CCF6-44D4-8127-588FD4D0A860-DeferredValidationErrors.xml')).
Target "ReportValidationBuildExtensionErrors" skipped, due to false condition; ('$(SkipWorkflowValidation)' != 'true' and ('@(XamlPage)' != '' or '@(XamlAppDef)' != '')) was evaluated as ('' != 'true' and ('' != '' or '' != '')).
Target "MarkupCompilePass1" skipped, due to false condition; ('@(Page)' != '' or '@(ApplicationDefinition)' != '' ) was evaluated as ('' != '' or '' != '' ).
Target "AfterMarkupCompilePass1" in file "C:\Windows\Microsoft.NET\Framework64\v4.0.30319\Microsoft.WinFX.targets" from project "D:\PCCFP Institute\ppccfpi_files\cd-cs\assignment_code\assignment_code\assignment_code.csproj" (target "PrepareResources" depends on it):
Done building target "AfterMarkupCompilePass1" in project "assignment_code.csproj".
Target "MarkupCompilePass2ForMainAssembly" skipped, due to false condition; ('$(_RequireMCPass2ForMainAssembly)' == 'true' ) was evaluated as ('false' == 'true' ).
Target "FileClassification" in file "C:\Windows\Microsoft.NET\Framework64\v4.0.30319\Microsoft.WinFX.targets" from project "D:\PCCFP Institute\ppccfpi_files\cd-cs\assignment_code\assignment_code\assignment_code.csproj" (target "PrepareResources" depends on it):
Task "FileClassifier" skipped, due to false condition; ('@(GeneratedBaml)' != '' or '@(Resource)' != '' or '@(Font)' != '') was evaluated as ('' != '' or '' != '' or '' != '').
Task "Message" skipped, due to false condition; ('$(MSBuildTargetsVerbose)'=='true') was evaluated as (''=='true').
Task "Message" skipped, due to false condition; ('$(MSBuildTargetsVerbose)'=='true') was evaluated as (''=='true').
Done building target "FileClassification" in project "assignment_code.csproj".
Target "MainResourcesGeneration" skipped, due to false condition; ('@(MainEmbeddedFiles)' != '') was evaluated as ('' != '').
Target "AssignWinFXEmbeddedResource" skipped, due to false condition; ('@(WinFXEmbeddedResource)' != '') was evaluated as ('' != '').
Target "AssignTargetPaths" in file "C:\Windows\Microsoft.NET\Framework64\v4.0.30319\Microsoft.Common.targets" from project "D:\PCCFP Institute\ppccfpi_files\cd-cs\assignment_code\assignment_code\assignment_code.csproj" (target "PrepareResourceNames" depends on it):
Using "AssignTargetPath" task from assembly "Microsoft.Build.Tasks.v4.0, Version=4.0.0.0, Culture=neutral, PublicKeyToken=b03f5f7f11d50a3a".
Task "AssignTargetPath"
Done executing task "AssignTargetPath".
Task "AssignTargetPath"
Done executing task "AssignTargetPath".
Task "AssignTargetPath"
Done executing task "AssignTargetPath".
Task "AssignTargetPath"
Done executing task "AssignTargetPath".
Task "AssignTargetPath" skipped, due to false condition; ('@(_DeploymentBaseManifestWithTargetPath)'=='' and '%(None.Extension)'=='.manifest') was evaluated as (''=='' and '.settings'=='.manifest').
Task "AssignTargetPath" skipped, due to false condition; ('@(_DeploymentBaseManifestWithTargetPath)'=='' and '%(None.Extension)'=='.manifest') was evaluated as (''=='' and '.config'=='.manifest').
Done building target "AssignTargetPaths" in project "assignment_code.csproj".
Target "AssignTargetPaths" skipped. Previously built successfully.
Target "SplitResourcesByCulture" in file "C:\Windows\Microsoft.NET\Framework64\v4.0.30319\Microsoft.Common.targets" from project "D:\PCCFP Institute\ppccfpi_files\cd-cs\assignment_code\assignment_code\assignment_code.csproj" (target "PrepareResourceNames" depends on it):
Task "Warning" skipped, due to false condition; ('@(ResxWithNoCulture)'!='') was evaluated as (''!='').
Task "Warning" skipped, due to false condition; ('@(ResxWithCulture)'!='') was evaluated as (''!='').
Task "Warning" skipped, due to false condition; ('@(NonResxWithCulture)'!='') was evaluated as (''!='').
Task "Warning" skipped, due to false condition; ('@(NonResxWithNoCulture)'!='') was evaluated as (''!='').
Using "AssignCulture" task from assembly "Microsoft.Build.Tasks.v4.0, Version=4.0.0.0, Culture=neutral, PublicKeyToken=b03f5f7f11d50a3a".
Task "AssignCulture"
  Culture of "" was assigned to file "Form1.resx".
  Culture of "" was assigned to file "Properties\Resources.resx".
  Culture of "" was assigned to file "UI\Controls\BarChartControl.resx".
  Culture of "" was assigned to file "UI\LoginForm.resx".
Done executing task "AssignCulture".
Done building target "SplitResourcesByCulture" in project "assignment_code.csproj".
Target "CreateManifestResourceNames" in file "C:\Windows\Microsoft.NET\Framework64\v4.0.30319\Microsoft.CSharp.targets" from project "D:\PCCFP Institute\ppccfpi_files\cd-cs\assignment_code\assignment_code\assignment_code.csproj" (target "PrepareResourceNames" depends on it):
Using "CreateCSharpManifestResourceName" task from assembly "Microsoft.Build.Tasks.v4.0, Version=4.0.0.0, Culture=neutral, PublicKeyToken=b03f5f7f11d50a3a".
Task "CreateCSharpManifestResourceName"
  Root namespace is 'assignment_code'.
  Resource file 'Form1.resx' depends on 'Form1.cs'.
  Resource file 'Form1.resx' gets manifest resource name 'assignment_code.Form1'.
  Resource file 'Properties\Resources.resx' doesn't depend on any other file.
  Resource file 'Properties\Resources.resx' gets manifest resource name 'assignment_code.Properties.Resources'.
  Resource file 'UI\Controls\BarChartControl.resx' depends on 'BarChartControl.cs'.
  Resource file 'UI\Controls\BarChartControl.resx' gets manifest resource name 'assignment_code.UI.Controls.BarChartControl'.
  Resource file 'UI\LoginForm.resx' depends on 'LoginForm.cs'.
  Resource file 'UI\LoginForm.resx' gets manifest resource name 'assignment_code.UI.LoginForm'.
Done executing task "CreateCSharpManifestResourceName".
Task "CreateCSharpManifestResourceName" skipped, due to false condition; ('%(EmbeddedResource.ManifestResourceName)' == '' and '%(EmbeddedResource.WithCulture)' == 'true' and '%(EmbeddedResource.Type)' == 'Non-Resx') was evaluated as ('' == '' and 'false' == 'true' and 'Resx' == 'Non-Resx').
Done building target "CreateManifestResourceNames" in project "assignment_code.csproj".
Target "CreateCustomManifestResourceNames" in file "C:\Windows\Microsoft.NET\Framework64\v4.0.30319\Microsoft.Common.targets" from project "D:\PCCFP Institute\ppccfpi_files\cd-cs\assignment_code\assignment_code\assignment_code.csproj" (target "PrepareResourceNames" depends on it):
Done building target "CreateCustomManifestResourceNames" in project "assignment_code.csproj".
Target "PrepareResourceNames" in file "C:\Windows\Microsoft.NET\Framework64\v4.0.30319\Microsoft.Common.targets" from project "D:\PCCFP Institute\ppccfpi_files\cd-cs\assignment_code\assignment_code\assignment_code.csproj" (target "PrepareResources" depends on it):
Done building target "PrepareResourceNames" in project "assignment_code.csproj".
Target "ResolveAssemblyReferences" skipped. Previously built successfully.
Target "SplitResourcesByCulture" skipped. Previously built successfully.
Target "BeforeResGen" in file "C:\Windows\Microsoft.NET\Framework64\v4.0.30319\Microsoft.Common.targets" from project "D:\PCCFP Institute\ppccfpi_files\cd-cs\assignment_code\assignment_code\assignment_code.csproj" (target "ResGen" depends on it):
Done building target "BeforeResGen" in project "assignment_code.csproj".
Target "CoreResGen" in file "C:\Windows\Microsoft.NET\Framework64\v4.0.30319\Microsoft.Common.targets" from project "D:\PCCFP Institute\ppccfpi_files\cd-cs\assignment_code\assignment_code\assignment_code.csproj" (target "ResGen" depends on it):
Using "GenerateResource" task from assembly "Microsoft.Build.Tasks.v4.0, Version=4.0.0.0, Culture=neutral, PublicKeyToken=b03f5f7f11d50a3a".
Task "GenerateResource"
  Launching task "GenerateResource" from assembly "Microsoft.Build.Tasks.v4.0, Version=4.0.0.0, Culture=neutral, PublicKeyToken=b03f5f7f11d50a3a" in an external task host with a runtime of "CLR4" and a process architecture of "x86".
  No resources are out of date with respect to their source files. Skipping resource generation.
Done executing task "GenerateResource".
Task "GenerateResource" skipped, due to false condition; ('%(EmbeddedResource.Type)' == 'Resx' and '%(EmbeddedResource.GenerateResource)' != 'false' and '$(GenerateResourceMSBuildRuntime)' == 'CLR2') was evaluated as ('Resx' == 'Resx' and '' != 'false' and 'CurrentRuntime' == 'CLR2').
Done building target "CoreResGen" in project "assignment_code.csproj".
Target "AfterResGen" in file "C:\Windows\Microsoft.NET\Framework64\v4.0.30319\Microsoft.Common.targets" from project "D:\PCCFP Institute\ppccfpi_files\cd-cs\assignment_code\assignment_code\assignment_code.csproj" (target "ResGen" depends on it):
Done building target "AfterResGen" in project "assignment_code.csproj".
Target "ResGen" in file "C:\Windows\Microsoft.NET\Framework64\v4.0.30319\Microsoft.Common.targets" from project "D:\PCCFP Institute\ppccfpi_files\cd-cs\assignment_code\assignment_code\assignment_code.csproj" (target "PrepareResources" depends on it):
Done building target "ResGen" in project "assignment_code.csproj".
Target "CompileLicxFiles" skipped, due to false condition; ('@(_LicxFile)'!='') was evaluated as (''!='').
Target "PrepareResources" in file "C:\Windows\Microsoft.NET\Framework64\v4.0.30319\Microsoft.Common.targets" from project "D:\PCCFP Institute\ppccfpi_files\cd-cs\assignment_code\assignment_code\assignment_code.csproj" (target "CoreBuild" depends on it):
Done building target "PrepareResources" in project "assignment_code.csproj".
Target "ResolveKeySource" skipped, due to false condition; ($(SignManifests) == 'true' or $(SignAssembly) == 'true') was evaluated as ( == 'true' or  == 'true').
Target "ResolveReferences" skipped. Previously built successfully.
Target "ResolveKeySource" skipped, due to false condition; ($(SignManifests) == 'true' or $(SignAssembly) == 'true') was evaluated as ( == 'true' or  == 'true').
Target "ResolveComReferences" skipped, due to false condition; ('@(COMReference)'!='' or '@(COMFileReference)'!='') was evaluated as (''!='' or ''!='').
Target "ResolveNativeReferences" skipped, due to false condition; ('@(NativeReference)'!='') was evaluated as (''!='').
Target "_SetExternalWin32ManifestProperties" skipped, due to false condition; ('$(GenerateClickOnceManifests)'=='true' or '@(NativeReference)'!='' or '@(ResolvedIsolatedComModules)'!='') was evaluated as (''=='true' or ''!='' or ''!='').
Target "_SetEmbeddedWin32ManifestProperties" in file "C:\Windows\Microsoft.NET\Framework64\v4.0.30319\Microsoft.Common.targets" from project "D:\PCCFP Institute\ppccfpi_files\cd-cs\assignment_code\assignment_code\assignment_code.csproj" (target "SetWin32ManifestProperties" depends on it):
Using "GetFrameworkPath" task from assembly "Microsoft.Build.Tasks.v4.0, Version=4.0.0.0, Culture=neutral, PublicKeyToken=b03f5f7f11d50a3a".
Task "GetFrameworkPath"
Done executing task "GetFrameworkPath".
Done building target "_SetEmbeddedWin32ManifestProperties" in project "assignment_code.csproj".
Target "SetWin32ManifestProperties" in file "C:\Windows\Microsoft.NET\Framework64\v4.0.30319\Microsoft.Common.targets" from project "D:\PCCFP Institute\ppccfpi_files\cd-cs\assignment_code\assignment_code\assignment_code.csproj" (target "Compile" depends on it):
Done building target "SetWin32ManifestProperties" in project "assignment_code.csproj".
Target "_GenerateCompileInputs" in file "C:\Windows\Microsoft.NET\Framework64\v4.0.30319\Microsoft.Common.targets" from project "D:\PCCFP Institute\ppccfpi_files\cd-cs\assignment_code\assignment_code\assignment_code.csproj" (target "Compile" depends on it):
Task "Warning" skipped, due to false condition; ('@(ManifestResourceWithNoCulture)'!='' and '%(ManifestResourceWithNoCulture.EmittedForCompatibilityOnly)'=='') was evaluated as ('obj\Debug\assignment_code.Form1.resources;obj\Debug\assignment_code.Properties.Resources.resources;obj\Debug\assignment_code.UI.Controls.BarChartControl.resources;obj\Debug\assignment_code.UI.LoginForm.resources'!='' and 'true'=='').
Task "Warning" skipped, due to false condition; ('@(ManifestNonResxWithNoCultureOnDisk)'!='' and '%(ManifestNonResxWithNoCultureOnDisk.EmittedForCompatibilityOnly)'=='') was evaluated as (''!='' and ''=='').
Done building target "_GenerateCompileInputs" in project "assignment_code.csproj".
Target "PrepareForBuild" skipped. Previously built successfully.
Target "GetReferenceAssemblyPaths" skipped. Previously built successfully.
Target "_SetTargetFrameworkMonikerAttribute" in file "C:\Windows\Microsoft.NET\Framework64\v4.0.30319\Microsoft.CSharp.targets" from project "D:\PCCFP Institute\ppccfpi_files\cd-cs\assignment_code\assignment_code\assignment_code.csproj" (target "GenerateTargetFrameworkMonikerAttribute" depends on it):
Done building target "_SetTargetFrameworkMonikerAttribute" in project "assignment_code.csproj".
Target "GenerateTargetFrameworkMonikerAttribute" in file "C:\Windows\Microsoft.NET\Framework64\v4.0.30319\Microsoft.Common.targets" from project "D:\PCCFP Institute\ppccfpi_files\cd-cs\assignment_code\assignment_code\assignment_code.csproj" (target "BeforeCompile" depends on it):
Skipping target "GenerateTargetFrameworkMonikerAttribute" because all output files are up-to-date with respect to the input files.
Input files: C:\Windows\Microsoft.NET\Framework64\v4.0.30319\Microsoft.Common.targets
Output files: C:\Users\panha\AppData\Local\Temp\.NETFramework,Version=v4.8.AssemblyAttributes.cs
Done building target "GenerateTargetFrameworkMonikerAttribute" in project "assignment_code.csproj".
Target "GenerateAdditionalSources" skipped, due to false condition; ('@(AssemblyAttributes)' != '' and '$(GenerateAdditionalSources)' == 'true') was evaluated as ('' != '' and '' == 'true').
Target "BeforeCompile" in file "C:\Windows\Microsoft.NET\Framework64\v4.0.30319\Microsoft.Common.targets" from project "D:\PCCFP Institute\ppccfpi_files\cd-cs\assignment_code\assignment_code\assignment_code.csproj" (target "Compile" depends on it):
Done building target "BeforeCompile" in project "assignment_code.csproj".
Target "_TimeStampBeforeCompile" skipped, due to false condition; ('$(RunPostBuildEvent)'=='OnOutputUpdated' or ('$(RegisterForComInterop)'=='true' and '$(OutputType)'=='library')) was evaluated as (''=='OnOutputUpdated' or (''=='true' and 'WinExe'=='library')).
Target "_ComputeNonExistentFileProperty" skipped, due to false condition; (('$(BuildingInsideVisualStudio)' == 'true') and ('$(BuildingOutOfProcess)' != 'true') and (('$(BuildingProject)' == 'false') or ('$(UseHostCompilerIfAvailable)' == 'true'))) was evaluated as (('' == 'true') and ('' != 'true') and (('true' == 'false') or ('true' == 'true'))).
Target "PreXsdCodeGen" in file "C:\Windows\Microsoft.NET\Framework64\v4.0.30319\Microsoft.ServiceModel.targets" from project "D:\PCCFP Institute\ppccfpi_files\cd-cs\assignment_code\assignment_code\assignment_code.csproj" (target "CoreCompile" depends on it):
Using "CallTarget" task from assembly "Microsoft.Build.Tasks.v4.0, Version=4.0.0.0, Culture=neutral, PublicKeyToken=b03f5f7f11d50a3a".
Task "CallTarget"
Target "CleanXsdCodeGen" in file "C:\Windows\Microsoft.NET\Framework64\v4.0.30319\Microsoft.ServiceModel.targets" from project "D:\PCCFP Institute\ppccfpi_files\cd-cs\assignment_code\assignment_code\assignment_code.csproj" (target "PreXsdCodeGen" depends on it):
Using "Delete" task from assembly "Microsoft.Build.Tasks.v4.0, Version=4.0.0.0, Culture=neutral, PublicKeyToken=b03f5f7f11d50a3a".
Task "Delete"
Done executing task "Delete".
Done building target "CleanXsdCodeGen" in project "assignment_code.csproj".
Done executing task "CallTarget".
Done building target "PreXsdCodeGen" in project "assignment_code.csproj".
Target "XsdCodeGen" skipped, due to false condition; ( '$(XsdCodeGenPreCondition)' == 'True' ) was evaluated as ( 'False' == 'True' ).
Target "CoreCompile" in file "C:\Windows\Microsoft.NET\Framework64\v4.0.30319\Microsoft.CSharp.targets" from project "D:\PCCFP Institute\ppccfpi_files\cd-cs\assignment_code\assignment_code\assignment_code.csproj" (target "Compile" depends on it):
Building target "CoreCompile" completely.
Input file "Services\Database\DbConnectionHelper.cs" is newer than output file "obj\Debug\assignment_code.exe".
Using "Csc" task from assembly "Microsoft.Build.Tasks.v4.0, Version=4.0.0.0, Culture=neutral, PublicKeyToken=b03f5f7f11d50a3a".
Task "Csc"
  D:\PCCFP Institute\ppccfpi_files\cd-cs\assignment_code\assignment_code\..\packages\Microsoft.Net.Compilers.Toolset.4.8.0\tasks\net472\Csc.exe /noconfig /nowarn:1701,1702 /nostdlib+ /platform:anycpu32bitpreferred /errorreport:prompt /warn:4 /define:DEBUG;TRACE /highentropyva+ /reference:"D:\PCCFP Institute\ppccfpi_files\cd-cs\assignment_code\assignment_code\bin\Debug\Microsoft.Bcl.AsyncInterfaces.dll" /reference:"C:\Program Files (x86)\Reference Assemblies\Microsoft\Framework\.NETFramework\v4.8\Microsoft.CSharp.dll" /reference:"C:\Program Files (x86)\Reference Assemblies\Microsoft\Framework\.NETFramework\v4.8\mscorlib.dll" /reference:"D:\PCCFP Institute\ppccfpi_files\cd-cs\assignment_code\assignment_code\bin\Debug\System.Buffers.dll" /reference:"C:\Program Files (x86)\Reference Assemblies\Microsoft\Framework\.NETFramework\v4.8\System.Core.dll" /reference:"C:\Program Files (x86)\Reference Assemblies\Microsoft\Framework\.NETFramework\v4.8\System.Data.DataSetExtensions.dll" /reference:"C:\Program Files (x86)\Reference Assemblies\Microsoft\Framework\.NETFramework\v4.8\System.Data.dll" /reference:"C:\Program Files (x86)\Reference Assemblies\Microsoft\Framework\.NETFramework\v4.8\System.Deployment.dll" /reference:"C:\Program Files (x86)\Reference Assemblies\Microsoft\Framework\.NETFramework\v4.8\System.dll" /reference:"C:\Program Files (x86)\Reference Assemblies\Microsoft\Framework\.NETFramework\v4.8\System.Drawing.dll" /reference:"D:\PCCFP Institute\ppccfpi_files\cd-cs\assignment_code\assignment_code\bin\Debug\System.Memory.dll" /reference:"C:\Program Files (x86)\Reference Assemblies\Microsoft\Framework\.NETFramework\v4.8\System.Net.Http.dll" /reference:"D:\PCCFP Institute\ppccfpi_files\cd-cs\assignment_code\assignment_code\bin\Debug\System.Numerics.Vectors.dll" /reference:"D:\PCCFP Institute\ppccfpi_files\cd-cs\assignment_code\assignment_code\bin\Debug\System.Runtime.CompilerServices.Unsafe.dll" /reference:"D:\PCCFP Institute\ppccfpi_files\cd-cs\assignment_code\assignment_code\bin\Debug\System.Text.Encodings.Web.dll" /reference:"D:\PCCFP Institute\ppccfpi_files\cd-cs\assignment_code\assignment_code\bin\Debug\System.Threading.Tasks.Extensions.dll" /reference:"C:\Program Files (x86)\Reference Assemblies\Microsoft\Framework\.NETFramework\v4.8\System.Windows.Forms.dll" /reference:"C:\Program Files (x86)\Reference Assemblies\Microsoft\Framework\.NETFramework\v4.8\System.Xml.dll" /reference:"C:\Program Files (x86)\Reference Assemblies\Microsoft\Framework\.NETFramework\v4.8\System.Xml.Linq.dll" /reference:"C:\Program Files (x86)\Reference Assemblies\Microsoft\Framework\.NETFramework\v4.8\Facades\Microsoft.Win32.Primitives.dll" /reference:"C:\Program Files (x86)\Reference Assemblies\Microsoft\Framework\.NETFramework\v4.8\Facades\netstandard.dll" /reference:"C:\Program Files (x86)\Reference Assemblies\Microsoft\Framework\.NETFramework\v4.8\Facades\System.AppContext.dll" /reference:"C:\Program Files (x86)\Reference Assemblies\Microsoft\Framework\.NETFramework\v4.8\Facades\System.Collections.Concurrent.dll" /reference:"C:\Program Files (x86)\Reference Assemblies\Microsoft\Framework\.NETFramework\v4.8\Facades\System.Collections.dll" /reference:"C:\Program Files (x86)\Reference Assemblies\Microsoft\Framework\.NETFramework\v4.8\Facades\System.Collections.NonGeneric.dll" /reference:"C:\Program Files (x86)\Reference Assemblies\Microsoft\Framework\.NETFramework\v4.8\Facades\System.Collections.Specialized.dll" /reference:"C:\Program Files (x86)\Reference Assemblies\Microsoft\Framework\.NETFramework\v4.8\Facades\System.ComponentModel.Annotations.dll" /reference:"C:\Program Files (x86)\Reference Assemblies\Microsoft\Framework\.NETFramework\v4.8\Facades\System.ComponentModel.dll" /reference:"C:\Program Files (x86)\Reference Assemblies\Microsoft\Framework\.NETFramework\v4.8\Facades\System.ComponentModel.EventBasedAsync.dll" /reference:"C:\Program Files (x86)\Reference Assemblies\Microsoft\Framework\.NETFramework\v4.8\Facades\System.ComponentModel.Primitives.dll" /reference:"C:\Program Files (x86)\Reference Assemblies\Microsoft\Framework\.NETFramework\v4.8\Facades\System.ComponentModel.TypeConverter.dll" /reference:"C:\Program Files (x86)\Reference Assemblies\Microsoft\Framework\.NETFramework\v4.8\Facades\System.Console.dll" /reference:"C:\Program Files (x86)\Reference Assemblies\Microsoft\Framework\.NETFramework\v4.8\Facades\System.Data.Common.dll" /reference:"C:\Program Files (x86)\Reference Assemblies\Microsoft\Framework\.NETFramework\v4.8\Facades\System.Diagnostics.Contracts.dll" /reference:"C:\Program Files (x86)\Reference Assemblies\Microsoft\Framework\.NETFramework\v4.8\Facades\System.Diagnostics.Debug.dll" /reference:"C:\Program Files (x86)\Reference Assemblies\Microsoft\Framework\.NETFramework\v4.8\Facades\System.Diagnostics.FileVersionInfo.dll" /reference:"C:\Program Files (x86)\Reference Assemblies\Microsoft\Framework\.NETFramework\v4.8\Facades\System.Diagnostics.Process.dll" /reference:"C:\Program Files (x86)\Reference Assemblies\Microsoft\Framework\.NETFramework\v4.8\Facades\System.Diagnostics.StackTrace.dll" /reference:"C:\Program Files (x86)\Reference Assemblies\Microsoft\Framework\.NETFramework\v4.8\Facades\System.Diagnostics.TextWriterTraceListener.dll" /reference:"C:\Program Files (x86)\Reference Assemblies\Microsoft\Framework\.NETFramework\v4.8\Facades\System.Diagnostics.Tools.dll" /reference:"C:\Program Files (x86)\Reference Assemblies\Microsoft\Framework\.NETFramework\v4.8\Facades\System.Diagnostics.TraceSource.dll" /reference:"C:\Program Files (x86)\Reference Assemblies\Microsoft\Framework\.NETFramework\v4.8\Facades\System.Drawing.Primitives.dll" /reference:"C:\Program Files (x86)\Reference Assemblies\Microsoft\Framework\.NETFramework\v4.8\Facades\System.Dynamic.Runtime.dll" /reference:"C:\Program Files (x86)\Reference Assemblies\Microsoft\Framework\.NETFramework\v4.8\Facades\System.Globalization.Calendars.dll" /reference:"C:\Program Files (x86)\Reference Assemblies\Microsoft\Framework\.NETFramework\v4.8\Facades\System.Globalization.dll" /reference:"C:\Program Files (x86)\Reference Assemblies\Microsoft\Framework\.NETFramework\v4.8\Facades\System.Globalization.Extensions.dll" /reference:"C:\Program Files (x86)\Reference Assemblies\Microsoft\Framework\.NETFramework\v4.8\Facades\System.IO.Compression.ZipFile.dll" /reference:"C:\Program Files (x86)\Reference Assemblies\Microsoft\Framework\.NETFramework\v4.8\Facades\System.IO.dll" /reference:"C:\Program Files (x86)\Reference Assemblies\Microsoft\Framework\.NETFramework\v4.8\Facades\System.IO.FileSystem.dll" /reference:"C:\Program Files (x86)\Reference Assemblies\Microsoft\Framework\.NETFramework\v4.8\Facades\System.IO.FileSystem.DriveInfo.dll" /reference:"C:\Program Files (x86)\Reference Assemblies\Microsoft\Framework\.NETFramework\v4.8\Facades\System.IO.FileSystem.Primitives.dll" /reference:"C:\Program Files (x86)\Reference Assemblies\Microsoft\Framework\.NETFramework\v4.8\Facades\System.IO.FileSystem.Watcher.dll" /reference:"C:\Program Files (x86)\Reference Assemblies\Microsoft\Framework\.NETFramework\v4.8\Facades\System.IO.IsolatedStorage.dll" /reference:"C:\Program Files (x86)\Reference Assemblies\Microsoft\Framework\.NETFramework\v4.8\Facades\System.IO.MemoryMappedFiles.dll" /reference:"C:\Program Files (x86)\Reference Assemblies\Microsoft\Framework\.NETFramework\v4.8\Facades\System.IO.Pipes.dll" /reference:"C:\Program Files (x86)\Reference Assemblies\Microsoft\Framework\.NETFramework\v4.8\Facades\System.IO.UnmanagedMemoryStream.dll" /reference:"C:\Program Files (x86)\Reference Assemblies\Microsoft\Framework\.NETFramework\v4.8\Facades\System.Linq.dll" /reference:"C:\Program Files (x86)\Reference Assemblies\Microsoft\Framework\.NETFramework\v4.8\Facades\System.Linq.Expressions.dll" /reference:"C:\Program Files (x86)\Reference Assemblies\Microsoft\Framework\.NETFramework\v4.8\Facades\System.Linq.Parallel.dll" /reference:"C:\Program Files (x86)\Reference Assemblies\Microsoft\Framework\.NETFramework\v4.8\Facades\System.Linq.Queryable.dll" /reference:"C:\Program Files (x86)\Reference Assemblies\Microsoft\Framework\.NETFramework\v4.8\Facades\System.Net.Http.Rtc.dll" /reference:"C:\Program Files (x86)\Reference Assemblies\Microsoft\Framework\.NETFramework\v4.8\Facades\System.Net.NameResolution.dll" /reference:"C:\Program Files (x86)\Reference Assemblies\Microsoft\Framework\.NETFramework\v4.8\Facades\System.Net.NetworkInformation.dll" /reference:"C:\Program Files (x86)\Reference Assemblies\Microsoft\Framework\.NETFramework\v4.8\Facades\System.Net.Ping.dll" /reference:"C:\Program Files (x86)\Reference Assemblies\Microsoft\Framework\.NETFramework\v4.8\Facades\System.Net.Primitives.dll" /reference:"C:\Program Files (x86)\Reference Assemblies\Microsoft\Framework\.NETFramework\v4.8\Facades\System.Net.Requests.dll" /reference:"C:\Program Files (x86)\Reference Assemblies\Microsoft\Framework\.NETFramework\v4.8\Facades\System.Net.Security.dll" /reference:"C:\Program Files (x86)\Reference Assemblies\Microsoft\Framework\.NETFramework\v4.8\Facades\System.Net.Sockets.dll" /reference:"C:\Program Files (x86)\Reference Assemblies\Microsoft\Framework\.NETFramework\v4.8\Facades\System.Net.WebHeaderCollection.dll" /reference:"C:\Program Files (x86)\Reference Assemblies\Microsoft\Framework\.NETFramework\v4.8\Facades\System.Net.WebSockets.Client.dll" /reference:"C:\Program Files (x86)\Reference Assemblies\Microsoft\Framework\.NETFramework\v4.8\Facades\System.Net.WebSockets.dll" /reference:"C:\Program Files (x86)\Reference Assemblies\Microsoft\Framework\.NETFramework\v4.8\Facades\System.ObjectModel.dll" /reference:"C:\Program Files (x86)\Reference Assemblies\Microsoft\Framework\.NETFramework\v4.8\Facades\System.Reflection.dll" /reference:"C:\Program Files (x86)\Reference Assemblies\Microsoft\Framework\.NETFramework\v4.8\Facades\System.Reflection.Emit.dll" /reference:"C:\Program Files (x86)\Reference Assemblies\Microsoft\Framework\.NETFramework\v4.8\Facades\System.Reflection.Emit.ILGeneration.dll" /reference:"C:\Program Files (x86)\Reference Assemblies\Microsoft\Framework\.NETFramework\v4.8\Facades\System.Reflection.Emit.Lightweight.dll" /reference:"C:\Program Files (x86)\Reference Assemblies\Microsoft\Framework\.NETFramework\v4.8\Facades\System.Reflection.Extensions.dll" /reference:"C:\Program Files (x86)\Reference Assemblies\Microsoft\Framework\.NETFramework\v4.8\Facades\System.Reflection.Primitives.dll" /reference:"C:\Program Files (x86)\Reference Assemblies\Microsoft\Framework\.NETFramework\v4.8\Facades\System.Resources.Reader.dll" /reference:"C:\Program Files (x86)\Reference Assemblies\Microsoft\Framework\.NETFramework\v4.8\Facades\System.Resources.ResourceManager.dll" /reference:"C:\Program Files (x86)\Reference Assemblies\Microsoft\Framework\.NETFramework\v4.8\Facades\System.Resources.Writer.dll" /reference:"C:\Program Files (x86)\Reference Assemblies\Microsoft\Framework\.NETFramework\v4.8\Facades\System.Runtime.CompilerServices.VisualC.dll" /reference:"C:\Program Files (x86)\Reference Assemblies\Microsoft\Framework\.NETFramework\v4.8\Facades\System.Runtime.dll" /reference:"C:\Program Files (x86)\Reference Assemblies\Microsoft\Framework\.NETFramework\v4.8\Facades\System.Runtime.Extensions.dll" /reference:"C:\Program Files (x86)\Reference Assemblies\Microsoft\Framework\.NETFramework\v4.8\Facades\System.Runtime.Handles.dll" /reference:"C:\Program Files (x86)\Reference Assemblies\Microsoft\Framework\.NETFramework\v4.8\Facades\System.Runtime.InteropServices.dll" /reference:"C:\Program Files (x86)\Reference Assemblies\Microsoft\Framework\.NETFramework\v4.8\Facades\System.Runtime.InteropServices.RuntimeInformation.dll" /reference:"C:\Program Files (x86)\Reference Assemblies\Microsoft\Framework\.NETFramework\v4.8\Facades\System.Runtime.InteropServices.WindowsRuntime.dll" /reference:"C:\Program Files (x86)\Reference Assemblies\Microsoft\Framework\.NETFramework\v4.8\Facades\System.Runtime.Numerics.dll" /reference:"C:\Program Files (x86)\Reference Assemblies\Microsoft\Framework\.NETFramework\v4.8\Facades\System.Runtime.Serialization.Formatters.dll" /reference:"C:\Program Files (x86)\Reference Assemblies\Microsoft\Framework\.NETFramework\v4.8\Facades\System.Runtime.Serialization.Json.dll" /reference:"C:\Program Files (x86)\Reference Assemblies\Microsoft\Framework\.NETFramework\v4.8\Facades\System.Runtime.Serialization.Primitives.dll" /reference:"C:\Program Files (x86)\Reference Assemblies\Microsoft\Framework\.NETFramework\v4.8\Facades\System.Runtime.Serialization.Xml.dll" /reference:"C:\Program Files (x86)\Reference Assemblies\Microsoft\Framework\.NETFramework\v4.8\Facades\System.Security.Claims.dll" /reference:"C:\Program Files (x86)\Reference Assemblies\Microsoft\Framework\.NETFramework\v4.8\Facades\System.Security.Cryptography.Algorithms.dll" /reference:"C:\Program Files (x86)\Reference Assemblies\Microsoft\Framework\.NETFramework\v4.8\Facades\System.Security.Cryptography.Csp.dll" /reference:"C:\Program Files (x86)\Reference Assemblies\Microsoft\Framework\.NETFramework\v4.8\Facades\System.Security.Cryptography.Encoding.dll" /reference:"C:\Program Files (x86)\Reference Assemblies\Microsoft\Framework\.NETFramework\v4.8\Facades\System.Security.Cryptography.Primitives.dll" /reference:"C:\Program Files (x86)\Reference Assemblies\Microsoft\Framework\.NETFramework\v4.8\Facades\System.Security.Cryptography.X509Certificates.dll" /reference:"C:\Program Files (x86)\Reference Assemblies\Microsoft\Framework\.NETFramework\v4.8\Facades\System.Security.Principal.dll" /reference:"C:\Program Files (x86)\Reference Assemblies\Microsoft\Framework\.NETFramework\v4.8\Facades\System.Security.SecureString.dll" /reference:"C:\Program Files (x86)\Reference Assemblies\Microsoft\Framework\.NETFramework\v4.8\Facades\System.ServiceModel.Duplex.dll" /reference:"C:\Program Files (x86)\Reference Assemblies\Microsoft\Framework\.NETFramework\v4.8\Facades\System.ServiceModel.Http.dll" /reference:"C:\Program Files (x86)\Reference Assemblies\Microsoft\Framework\.NETFramework\v4.8\Facades\System.ServiceModel.NetTcp.dll" /reference:"C:\Program Files (x86)\Reference Assemblies\Microsoft\Framework\.NETFramework\v4.8\Facades\System.ServiceModel.Primitives.dll" /reference:"C:\Program Files (x86)\Reference Assemblies\Microsoft\Framework\.NETFramework\v4.8\Facades\System.ServiceModel.Security.dll" /reference:"C:\Program Files (x86)\Reference Assemblies\Microsoft\Framework\.NETFramework\v4.8\Facades\System.Text.Encoding.dll" /reference:"C:\Program Files (x86)\Reference Assemblies\Microsoft\Framework\.NETFramework\v4.8\Facades\System.Text.Encoding.Extensions.dll" /reference:"C:\Program Files (x86)\Reference Assemblies\Microsoft\Framework\.NETFramework\v4.8\Facades\System.Text.RegularExpressions.dll" /reference:"C:\Program Files (x86)\Reference Assemblies\Microsoft\Framework\.NETFramework\v4.8\Facades\System.Threading.dll" /reference:"C:\Program Files (x86)\Reference Assemblies\Microsoft\Framework\.NETFramework\v4.8\Facades\System.Threading.Overlapped.dll" /reference:"C:\Program Files (x86)\Reference Assemblies\Microsoft\Framework\.NETFramework\v4.8\Facades\System.Threading.Tasks.dll" /reference:"C:\Program Files (x86)\Reference Assemblies\Microsoft\Framework\.NETFramework\v4.8\Facades\System.Threading.Tasks.Parallel.dll" /reference:"C:\Program Files (x86)\Reference Assemblies\Microsoft\Framework\.NETFramework\v4.8\Facades\System.Threading.Thread.dll" /reference:"C:\Program Files (x86)\Reference Assemblies\Microsoft\Framework\.NETFramework\v4.8\Facades\System.Threading.ThreadPool.dll" /reference:"C:\Program Files (x86)\Reference Assemblies\Microsoft\Framework\.NETFramework\v4.8\Facades\System.Threading.Timer.dll" /reference:"C:\Program Files (x86)\Reference Assemblies\Microsoft\Framework\.NETFramework\v4.8\Facades\System.ValueTuple.dll" /reference:"C:\Program Files (x86)\Reference Assemblies\Microsoft\Framework\.NETFramework\v4.8\Facades\System.Xml.ReaderWriter.dll" /reference:"C:\Program Files (x86)\Reference Assemblies\Microsoft\Framework\.NETFramework\v4.8\Facades\System.Xml.XDocument.dll" /reference:"C:\Program Files (x86)\Reference Assemblies\Microsoft\Framework\.NETFramework\v4.8\Facades\System.Xml.XmlDocument.dll" /reference:"C:\Program Files (x86)\Reference Assemblies\Microsoft\Framework\.NETFramework\v4.8\Facades\System.Xml.XmlSerializer.dll" /reference:"C:\Program Files (x86)\Reference Assemblies\Microsoft\Framework\.NETFramework\v4.8\Facades\System.Xml.XPath.dll" /reference:"C:\Program Files (x86)\Reference Assemblies\Microsoft\Framework\.NETFramework\v4.8\Facades\System.Xml.XPath.XDocument.dll" /debug+ /debug:full /filealign:512 /optimize- /out:obj\Debug\assignment_code.exe /subsystemversion:6.00 /resource:obj\Debug\assignment_code.Form1.resources /resource:obj\Debug\assignment_code.Properties.Resources.resources /resource:obj\Debug\assignment_code.UI.Controls.BarChartControl.resources /resource:obj\Debug\assignment_code.UI.LoginForm.resources /target:winexe /utf8output /win32icon:icons\app.ico Form1.cs Form1.Designer.cs Models\KpiStat.cs Models\PostItem.cs Models\CommentItem.cs Models\ChartDataset.cs Models\Product.cs Models\Category.cs Models\SaleTransaction.cs Models\Order.cs Models\Customer.cs Models\AppUser.cs Models\StoreSettings.cs Services\DashboardService.cs Services\StoreDataService.cs Services\TranslationManager.cs Services\EnvLoader.cs Services\Database\DbConnectionHelper.cs Services\Database\DatabaseMigrator.cs UI\Views\IRefreshableView.cs UI\Views\DashboardView.cs UI\Views\DashboardView.Designer.cs UI\Views\ProductsView.cs UI\Views\ProductsView.Designer.cs UI\Views\CategoriesView.cs UI\Views\CategoriesView.Designer.cs UI\Views\PosView.cs UI\Views\PosView.Designer.cs UI\Views\SalesListView.cs UI\Views\SalesListView.Designer.cs UI\Views\OrdersView.cs UI\Views\OrdersView.Designer.cs UI\Views\CustomersView.cs UI\Views\CustomersView.Designer.cs UI\Views\UsersView.cs UI\Views\UsersView.Designer.cs UI\Views\ReportsView.cs UI\Views\ReportsView.Designer.cs UI\Views\AppearanceView.cs UI\Views\AppearanceView.Designer.cs UI\Views\SettingsView.cs UI\Views\SettingsView.Designer.cs UI\LoginForm.cs UI\LoginForm.Designer.cs UI\GraphicsHelper.cs UI\ThemeManager.cs UI\FontHelper.cs UI\DoubleBufferHelper.cs UI\DataGridViewStyleHelper.cs UI\ModernDialogHelper.cs UI\Controls\RoundedPanel.cs UI\Controls\KpiCardControl.cs UI\Controls\BarChartControl.cs UI\Controls\SplineChartControl.cs UI\Controls\ModernSearchBox.cs UI\Controls\ModernButton.cs UI\Controls\ManagementStatCard.cs UI\Controls\ModernComboBox.cs UI\Controls\NavItemButton.cs UI\Controls\ThemeToggleSwitch.cs UI\Controls\LatestPostsCard.cs UI\Controls\RecentCommentsCard.cs UI\Controls\NotificationDropdownControl.cs UI\Controls\TopHeaderControl.cs UI\Controls\SidebarControl.cs Program.cs Properties\AssemblyInfo.cs Properties\Resources.Designer.cs Properties\Settings.Designer.cs "C:\Users\panha\AppData\Local\Temp\.NETFramework,Version=v4.8.AssemblyAttributes.cs"
  Microsoft (R) Visual C# Compiler version 4.8.0-7.23558.1 (e0917286)
  Copyright (C) Microsoft Corporation. All rights reserved.
  
Services\StoreDataService.cs(7,7): error CS0246: The type or namespace name 'Npgsql' could not be found (are you missing a using directive or an assembly reference?) [D:\PCCFP Institute\ppccfpi_files\cd-cs\assignment_code\assignment_code\assignment_code.csproj]
Services\Database\DbConnectionHelper.cs(3,7): error CS0246: The type or namespace name 'Npgsql' could not be found (are you missing a using directive or an assembly reference?) [D:\PCCFP Institute\ppccfpi_files\cd-cs\assignment_code\assignment_code\assignment_code.csproj]
Services\Database\DatabaseMigrator.cs(4,7): error CS0246: The type or namespace name 'Npgsql' could not be found (are you missing a using directive or an assembly reference?) [D:\PCCFP Institute\ppccfpi_files\cd-cs\assignment_code\assignment_code\assignment_code.csproj]
Services\Database\DbConnectionHelper.cs(33,23): error CS0246: The type or namespace name 'NpgsqlConnection' could not be found (are you missing a using directive or an assembly reference?) [D:\PCCFP Institute\ppccfpi_files\cd-cs\assignment_code\assignment_code\assignment_code.csproj]
Services\Database\DatabaseMigrator.cs(86,58): error CS0246: The type or namespace name 'NpgsqlConnection' could not be found (are you missing a using directive or an assembly reference?) [D:\PCCFP Institute\ppccfpi_files\cd-cs\assignment_code\assignment_code\assignment_code.csproj]
Services\Database\DatabaseMigrator.cs(86,81): error CS0246: The type or namespace name 'NpgsqlTransaction' could not be found (are you missing a using directive or an assembly reference?) [D:\PCCFP Institute\ppccfpi_files\cd-cs\assignment_code\assignment_code\assignment_code.csproj]
Services\Database\DatabaseMigrator.cs(99,46): error CS0246: The type or namespace name 'NpgsqlConnection' could not be found (are you missing a using directive or an assembly reference?) [D:\PCCFP Institute\ppccfpi_files\cd-cs\assignment_code\assignment_code\assignment_code.csproj]
Services\Database\DatabaseMigrator.cs(99,69): error CS0246: The type or namespace name 'NpgsqlTransaction' could not be found (are you missing a using directive or an assembly reference?) [D:\PCCFP Institute\ppccfpi_files\cd-cs\assignment_code\assignment_code\assignment_code.csproj]
Services\Database\DatabaseMigrator.cs(119,51): error CS0246: The type or namespace name 'NpgsqlConnection' could not be found (are you missing a using directive or an assembly reference?) [D:\PCCFP Institute\ppccfpi_files\cd-cs\assignment_code\assignment_code\assignment_code.csproj]
Services\Database\DatabaseMigrator.cs(119,74): error CS0246: The type or namespace name 'NpgsqlTransaction' could not be found (are you missing a using directive or an assembly reference?) [D:\PCCFP Institute\ppccfpi_files\cd-cs\assignment_code\assignment_code\assignment_code.csproj]
Services\Database\DatabaseMigrator.cs(138,49): error CS0246: The type or namespace name 'NpgsqlConnection' could not be found (are you missing a using directive or an assembly reference?) [D:\PCCFP Institute\ppccfpi_files\cd-cs\assignment_code\assignment_code\assignment_code.csproj]
Services\Database\DatabaseMigrator.cs(138,72): error CS0246: The type or namespace name 'NpgsqlTransaction' could not be found (are you missing a using directive or an assembly reference?) [D:\PCCFP Institute\ppccfpi_files\cd-cs\assignment_code\assignment_code\assignment_code.csproj]
Services\Database\DatabaseMigrator.cs(160,50): error CS0246: The type or namespace name 'NpgsqlConnection' could not be found (are you missing a using directive or an assembly reference?) [D:\PCCFP Institute\ppccfpi_files\cd-cs\assignment_code\assignment_code\assignment_code.csproj]
Services\Database\DatabaseMigrator.cs(160,73): error CS0246: The type or namespace name 'NpgsqlTransaction' could not be found (are you missing a using directive or an assembly reference?) [D:\PCCFP Institute\ppccfpi_files\cd-cs\assignment_code\assignment_code\assignment_code.csproj]
Services\Database\DatabaseMigrator.cs(181,47): error CS0246: The type or namespace name 'NpgsqlConnection' could not be found (are you missing a using directive or an assembly reference?) [D:\PCCFP Institute\ppccfpi_files\cd-cs\assignment_code\assignment_code\assignment_code.csproj]
Services\Database\DatabaseMigrator.cs(181,70): error CS0246: The type or namespace name 'NpgsqlTransaction' could not be found (are you missing a using directive or an assembly reference?) [D:\PCCFP Institute\ppccfpi_files\cd-cs\assignment_code\assignment_code\assignment_code.csproj]
Services\Database\DatabaseMigrator.cs(201,46): error CS0246: The type or namespace name 'NpgsqlConnection' could not be found (are you missing a using directive or an assembly reference?) [D:\PCCFP Institute\ppccfpi_files\cd-cs\assignment_code\assignment_code\assignment_code.csproj]
Services\Database\DatabaseMigrator.cs(201,69): error CS0246: The type or namespace name 'NpgsqlTransaction' could not be found (are you missing a using directive or an assembly reference?) [D:\PCCFP Institute\ppccfpi_files\cd-cs\assignment_code\assignment_code\assignment_code.csproj]
Services\Database\DatabaseMigrator.cs(223,50): error CS0246: The type or namespace name 'NpgsqlConnection' could not be found (are you missing a using directive or an assembly reference?) [D:\PCCFP Institute\ppccfpi_files\cd-cs\assignment_code\assignment_code\assignment_code.csproj]
Services\Database\DatabaseMigrator.cs(223,73): error CS0246: The type or namespace name 'NpgsqlTransaction' could not be found (are you missing a using directive or an assembly reference?) [D:\PCCFP Institute\ppccfpi_files\cd-cs\assignment_code\assignment_code\assignment_code.csproj]
Services\Database\DatabaseMigrator.cs(242,54): error CS0246: The type or namespace name 'NpgsqlConnection' could not be found (are you missing a using directive or an assembly reference?) [D:\PCCFP Institute\ppccfpi_files\cd-cs\assignment_code\assignment_code\assignment_code.csproj]
Services\Database\DatabaseMigrator.cs(242,77): error CS0246: The type or namespace name 'NpgsqlTransaction' could not be found (are you missing a using directive or an assembly reference?) [D:\PCCFP Institute\ppccfpi_files\cd-cs\assignment_code\assignment_code\assignment_code.csproj]
Services\Database\DatabaseMigrator.cs(265,43): error CS0246: The type or namespace name 'NpgsqlConnection' could not be found (are you missing a using directive or an assembly reference?) [D:\PCCFP Institute\ppccfpi_files\cd-cs\assignment_code\assignment_code\assignment_code.csproj]
Services\Database\DatabaseMigrator.cs(265,66): error CS0246: The type or namespace name 'NpgsqlTransaction' could not be found (are you missing a using directive or an assembly reference?) [D:\PCCFP Institute\ppccfpi_files\cd-cs\assignment_code\assignment_code\assignment_code.csproj]
Services\Database\DatabaseMigrator.cs(280,45): error CS0246: The type or namespace name 'NpgsqlConnection' could not be found (are you missing a using directive or an assembly reference?) [D:\PCCFP Institute\ppccfpi_files\cd-cs\assignment_code\assignment_code\assignment_code.csproj]
Services\Database\DatabaseMigrator.cs(280,68): error CS0246: The type or namespace name 'NpgsqlTransaction' could not be found (are you missing a using directive or an assembly reference?) [D:\PCCFP Institute\ppccfpi_files\cd-cs\assignment_code\assignment_code\assignment_code.csproj]
Services\Database\DatabaseMigrator.cs(442,45): error CS0246: The type or namespace name 'NpgsqlConnection' could not be found (are you missing a using directive or an assembly reference?) [D:\PCCFP Institute\ppccfpi_files\cd-cs\assignment_code\assignment_code\assignment_code.csproj]
Services\Database\DatabaseMigrator.cs(442,68): error CS0246: The type or namespace name 'NpgsqlTransaction' could not be found (are you missing a using directive or an assembly reference?) [D:\PCCFP Institute\ppccfpi_files\cd-cs\assignment_code\assignment_code\assignment_code.csproj]
Services\Database\DatabaseMigrator.cs(452,44): error CS0246: The type or namespace name 'NpgsqlConnection' could not be found (are you missing a using directive or an assembly reference?) [D:\PCCFP Institute\ppccfpi_files\cd-cs\assignment_code\assignment_code\assignment_code.csproj]
Services\Database\DatabaseMigrator.cs(452,67): error CS0246: The type or namespace name 'NpgsqlTransaction' could not be found (are you missing a using directive or an assembly reference?) [D:\PCCFP Institute\ppccfpi_files\cd-cs\assignment_code\assignment_code\assignment_code.csproj]
Services\Database\DatabaseMigrator.cs(460,45): error CS0246: The type or namespace name 'NpgsqlConnection' could not be found (are you missing a using directive or an assembly reference?) [D:\PCCFP Institute\ppccfpi_files\cd-cs\assignment_code\assignment_code\assignment_code.csproj]
Services\Database\DatabaseMigrator.cs(460,68): error CS0246: The type or namespace name 'NpgsqlTransaction' could not be found (are you missing a using directive or an assembly reference?) [D:\PCCFP Institute\ppccfpi_files\cd-cs\assignment_code\assignment_code\assignment_code.csproj]
  The command exited with code 1.
Done executing task "Csc" -- FAILED.
Done building target "CoreCompile" in project "assignment_code.csproj" -- FAILED.
Target "_CheckForCompileOutputs" in file "C:\Windows\Microsoft.NET\Framework64\v4.0.30319\Microsoft.Common.targets" from project "D:\PCCFP Institute\ppccfpi_files\cd-cs\assignment_code\assignment_code\assignment_code.csproj" (target "_CleanGetCurrentAndPriorFileWrites" depends on it):
Done building target "_CheckForCompileOutputs" in project "assignment_code.csproj".
Target "_SGenCheckForOutputs" skipped, due to false condition; ('$(_SGenGenerateSerializationAssembliesConfig)' == 'On' or ('@(WebReferenceUrl)'!='' and '$(_SGenGenerateSerializationAssembliesConfig)' == 'Auto')) was evaluated as ('Off' == 'On' or (''!='' and 'Off' == 'Auto')).
Target "_CleanGetCurrentAndPriorFileWrites" in file "C:\Windows\Microsoft.NET\Framework64\v4.0.30319\Microsoft.Common.targets" from project "D:\PCCFP Institute\ppccfpi_files\cd-cs\assignment_code\assignment_code\assignment_code.csproj" (target "_CleanRecordFileWrites" depends on it):
Using "ReadLinesFromFile" task from assembly "Microsoft.Build.Tasks.v4.0, Version=4.0.0.0, Culture=neutral, PublicKeyToken=b03f5f7f11d50a3a".
Task "ReadLinesFromFile"
Done executing task "ReadLinesFromFile".
Using "ConvertToAbsolutePath" task from assembly "Microsoft.Build.Tasks.v4.0, Version=4.0.0.0, Culture=neutral, PublicKeyToken=b03f5f7f11d50a3a".
Task "ConvertToAbsolutePath"
Done executing task "ConvertToAbsolutePath".
Using "FindUnderPath" task from assembly "Microsoft.Build.Tasks.v4.0, Version=4.0.0.0, Culture=neutral, PublicKeyToken=b03f5f7f11d50a3a".
Task "FindUnderPath"
  Comparison path is "D:\PCCFP Institute\ppccfpi_files\cd-cs\assignment_code\assignment_code".
Done executing task "FindUnderPath".
Task "FindUnderPath"
  Comparison path is "bin\Debug\".
Done executing task "FindUnderPath".
Task "FindUnderPath"
  Comparison path is "obj\Debug\".
Done executing task "FindUnderPath".
Using "RemoveDuplicates" task from assembly "Microsoft.Build.Tasks.v4.0, Version=4.0.0.0, Culture=neutral, PublicKeyToken=b03f5f7f11d50a3a".
Task "RemoveDuplicates"
Done executing task "RemoveDuplicates".
Done building target "_CleanGetCurrentAndPriorFileWrites" in project "assignment_code.csproj".
Target "_CleanRecordFileWrites" in file "C:\Windows\Microsoft.NET\Framework64\v4.0.30319\Microsoft.Common.targets" from project "D:\PCCFP Institute\ppccfpi_files\cd-cs\assignment_code\assignment_code\assignment_code.csproj" (target "CoreBuild" depends on it):
Task "RemoveDuplicates"
Done executing task "RemoveDuplicates".
Task "MakeDir"
Done executing task "MakeDir".
Using "WriteLinesToFile" task from assembly "Microsoft.Build.Tasks.v4.0, Version=4.0.0.0, Culture=neutral, PublicKeyToken=b03f5f7f11d50a3a".
Task "WriteLinesToFile"
Done executing task "WriteLinesToFile".
Done building target "_CleanRecordFileWrites" in project "assignment_code.csproj".
Done Building Project "D:\PCCFP Institute\ppccfpi_files\cd-cs\assignment_code\assignment_code\assignment_code.csproj" (Build target(s)) -- FAILED.

Build FAILED.

"D:\PCCFP Institute\ppccfpi_files\cd-cs\assignment_code\assignment_code\assignment_code.csproj" (Build target) (1) ->
(ResolveAssemblyReferences target) -> 
  C:\Windows\Microsoft.NET\Framework64\v4.0.30319\Microsoft.Common.targets(1605,5): warning MSB3257: The primary reference "System.ValueTuple" could not be resolved because it has a higher version "4.0.3.0" than exists in the current target framework. The version found in the current target framework is "4.0.2.0". [D:\PCCFP Institute\ppccfpi_files\cd-cs\assignment_code\assignment_code\assignment_code.csproj]
  C:\Windows\Microsoft.NET\Framework64\v4.0.30319\Microsoft.Common.targets(1605,5): warning MSB3258: The primary reference "Npgsql" could not be resolved because it has an indirect dependency on the .NET Framework assembly "System.ValueTuple, Version=4.0.3.0, Culture=neutral, PublicKeyToken=cc7b13ffcd2ddd51" which has a higher version "4.0.3.0" than the version "4.0.2.0" in the current target framework. [D:\PCCFP Institute\ppccfpi_files\cd-cs\assignment_code\assignment_code\assignment_code.csproj]
  C:\Windows\Microsoft.NET\Framework64\v4.0.30319\Microsoft.Common.targets(1605,5): warning MSB3258: The primary reference "System.Text.Json" could not be resolved because it has an indirect dependency on the .NET Framework assembly "System.ValueTuple, Version=4.0.3.0, Culture=neutral, PublicKeyToken=cc7b13ffcd2ddd51" which has a higher version "4.0.3.0" than the version "4.0.2.0" in the current target framework. [D:\PCCFP Institute\ppccfpi_files\cd-cs\assignment_code\assignment_code\assignment_code.csproj]


"D:\PCCFP Institute\ppccfpi_files\cd-cs\assignment_code\assignment_code\assignment_code.csproj" (Build target) (1) ->
(CoreCompile target) -> 
  Services\StoreDataService.cs(7,7): error CS0246: The type or namespace name 'Npgsql' could not be found (are you missing a using directive or an assembly reference?) [D:\PCCFP Institute\ppccfpi_files\cd-cs\assignment_code\assignment_code\assignment_code.csproj]
  Services\Database\DbConnectionHelper.cs(3,7): error CS0246: The type or namespace name 'Npgsql' could not be found (are you missing a using directive or an assembly reference?) [D:\PCCFP Institute\ppccfpi_files\cd-cs\assignment_code\assignment_code\assignment_code.csproj]
  Services\Database\DatabaseMigrator.cs(4,7): error CS0246: The type or namespace name 'Npgsql' could not be found (are you missing a using directive or an assembly reference?) [D:\PCCFP Institute\ppccfpi_files\cd-cs\assignment_code\assignment_code\assignment_code.csproj]
  Services\Database\DbConnectionHelper.cs(33,23): error CS0246: The type or namespace name 'NpgsqlConnection' could not be found (are you missing a using directive or an assembly reference?) [D:\PCCFP Institute\ppccfpi_files\cd-cs\assignment_code\assignment_code\assignment_code.csproj]
  Services\Database\DatabaseMigrator.cs(86,58): error CS0246: The type or namespace name 'NpgsqlConnection' could not be found (are you missing a using directive or an assembly reference?) [D:\PCCFP Institute\ppccfpi_files\cd-cs\assignment_code\assignment_code\assignment_code.csproj]
  Services\Database\DatabaseMigrator.cs(86,81): error CS0246: The type or namespace name 'NpgsqlTransaction' could not be found (are you missing a using directive or an assembly reference?) [D:\PCCFP Institute\ppccfpi_files\cd-cs\assignment_code\assignment_code\assignment_code.csproj]
  Services\Database\DatabaseMigrator.cs(99,46): error CS0246: The type or namespace name 'NpgsqlConnection' could not be found (are you missing a using directive or an assembly reference?) [D:\PCCFP Institute\ppccfpi_files\cd-cs\assignment_code\assignment_code\assignment_code.csproj]
  Services\Database\DatabaseMigrator.cs(99,69): error CS0246: The type or namespace name 'NpgsqlTransaction' could not be found (are you missing a using directive or an assembly reference?) [D:\PCCFP Institute\ppccfpi_files\cd-cs\assignment_code\assignment_code\assignment_code.csproj]
  Services\Database\DatabaseMigrator.cs(119,51): error CS0246: The type or namespace name 'NpgsqlConnection' could not be found (are you missing a using directive or an assembly reference?) [D:\PCCFP Institute\ppccfpi_files\cd-cs\assignment_code\assignment_code\assignment_code.csproj]
  Services\Database\DatabaseMigrator.cs(119,74): error CS0246: The type or namespace name 'NpgsqlTransaction' could not be found (are you missing a using directive or an assembly reference?) [D:\PCCFP Institute\ppccfpi_files\cd-cs\assignment_code\assignment_code\assignment_code.csproj]
  Services\Database\DatabaseMigrator.cs(138,49): error CS0246: The type or namespace name 'NpgsqlConnection' could not be found (are you missing a using directive or an assembly reference?) [D:\PCCFP Institute\ppccfpi_files\cd-cs\assignment_code\assignment_code\assignment_code.csproj]
  Services\Database\DatabaseMigrator.cs(138,72): error CS0246: The type or namespace name 'NpgsqlTransaction' could not be found (are you missing a using directive or an assembly reference?) [D:\PCCFP Institute\ppccfpi_files\cd-cs\assignment_code\assignment_code\assignment_code.csproj]
  Services\Database\DatabaseMigrator.cs(160,50): error CS0246: The type or namespace name 'NpgsqlConnection' could not be found (are you missing a using directive or an assembly reference?) [D:\PCCFP Institute\ppccfpi_files\cd-cs\assignment_code\assignment_code\assignment_code.csproj]
  Services\Database\DatabaseMigrator.cs(160,73): error CS0246: The type or namespace name 'NpgsqlTransaction' could not be found (are you missing a using directive or an assembly reference?) [D:\PCCFP Institute\ppccfpi_files\cd-cs\assignment_code\assignment_code\assignment_code.csproj]
  Services\Database\DatabaseMigrator.cs(181,47): error CS0246: The type or namespace name 'NpgsqlConnection' could not be found (are you missing a using directive or an assembly reference?) [D:\PCCFP Institute\ppccfpi_files\cd-cs\assignment_code\assignment_code\assignment_code.csproj]
  Services\Database\DatabaseMigrator.cs(181,70): error CS0246: The type or namespace name 'NpgsqlTransaction' could not be found (are you missing a using directive or an assembly reference?) [D:\PCCFP Institute\ppccfpi_files\cd-cs\assignment_code\assignment_code\assignment_code.csproj]
  Services\Database\DatabaseMigrator.cs(201,46): error CS0246: The type or namespace name 'NpgsqlConnection' could not be found (are you missing a using directive or an assembly reference?) [D:\PCCFP Institute\ppccfpi_files\cd-cs\assignment_code\assignment_code\assignment_code.csproj]
  Services\Database\DatabaseMigrator.cs(201,69): error CS0246: The type or namespace name 'NpgsqlTransaction' could not be found (are you missing a using directive or an assembly reference?) [D:\PCCFP Institute\ppccfpi_files\cd-cs\assignment_code\assignment_code\assignment_code.csproj]
  Services\Database\DatabaseMigrator.cs(223,50): error CS0246: The type or namespace name 'NpgsqlConnection' could not be found (are you missing a using directive or an assembly reference?) [D:\PCCFP Institute\ppccfpi_files\cd-cs\assignment_code\assignment_code\assignment_code.csproj]
  Services\Database\DatabaseMigrator.cs(223,73): error CS0246: The type or namespace name 'NpgsqlTransaction' could not be found (are you missing a using directive or an assembly reference?) [D:\PCCFP Institute\ppccfpi_files\cd-cs\assignment_code\assignment_code\assignment_code.csproj]
  Services\Database\DatabaseMigrator.cs(242,54): error CS0246: The type or namespace name 'NpgsqlConnection' could not be found (are you missing a using directive or an assembly reference?) [D:\PCCFP Institute\ppccfpi_files\cd-cs\assignment_code\assignment_code\assignment_code.csproj]
  Services\Database\DatabaseMigrator.cs(242,77): error CS0246: The type or namespace name 'NpgsqlTransaction' could not be found (are you missing a using directive or an assembly reference?) [D:\PCCFP Institute\ppccfpi_files\cd-cs\assignment_code\assignment_code\assignment_code.csproj]
  Services\Database\DatabaseMigrator.cs(265,43): error CS0246: The type or namespace name 'NpgsqlConnection' could not be found (are you missing a using directive or an assembly reference?) [D:\PCCFP Institute\ppccfpi_files\cd-cs\assignment_code\assignment_code\assignment_code.csproj]
  Services\Database\DatabaseMigrator.cs(265,66): error CS0246: The type or namespace name 'NpgsqlTransaction' could not be found (are you missing a using directive or an assembly reference?) [D:\PCCFP Institute\ppccfpi_files\cd-cs\assignment_code\assignment_code\assignment_code.csproj]
  Services\Database\DatabaseMigrator.cs(280,45): error CS0246: The type or namespace name 'NpgsqlConnection' could not be found (are you missing a using directive or an assembly reference?) [D:\PCCFP Institute\ppccfpi_files\cd-cs\assignment_code\assignment_code\assignment_code.csproj]
  Services\Database\DatabaseMigrator.cs(280,68): error CS0246: The type or namespace name 'NpgsqlTransaction' could not be found (are you missing a using directive or an assembly reference?) [D:\PCCFP Institute\ppccfpi_files\cd-cs\assignment_code\assignment_code\assignment_code.csproj]
  Services\Database\DatabaseMigrator.cs(442,45): error CS0246: The type or namespace name 'NpgsqlConnection' could not be found (are you missing a using directive or an assembly reference?) [D:\PCCFP Institute\ppccfpi_files\cd-cs\assignment_code\assignment_code\assignment_code.csproj]
  Services\Database\DatabaseMigrator.cs(442,68): error CS0246: The type or namespace name 'NpgsqlTransaction' could not be found (are you missing a using directive or an assembly reference?) [D:\PCCFP Institute\ppccfpi_files\cd-cs\assignment_code\assignment_code\assignment_code.csproj]
  Services\Database\DatabaseMigrator.cs(452,44): error CS0246: The type or namespace name 'NpgsqlConnection' could not be found (are you missing a using directive or an assembly reference?) [D:\PCCFP Institute\ppccfpi_files\cd-cs\assignment_code\assignment_code\assignment_code.csproj]
  Services\Database\DatabaseMigrator.cs(452,67): error CS0246: The type or namespace name 'NpgsqlTransaction' could not be found (are you missing a using directive or an assembly reference?) [D:\PCCFP Institute\ppccfpi_files\cd-cs\assignment_code\assignment_code\assignment_code.csproj]
  Services\Database\DatabaseMigrator.cs(460,45): error CS0246: The type or namespace name 'NpgsqlConnection' could not be found (are you missing a using directive or an assembly reference?) [D:\PCCFP Institute\ppccfpi_files\cd-cs\assignment_code\assignment_code\assignment_code.csproj]
  Services\Database\DatabaseMigrator.cs(460,68): error CS0246: The type or namespace name 'NpgsqlTransaction' could not be found (are you missing a using directive or an assembly reference?) [D:\PCCFP Institute\ppccfpi_files\cd-cs\assignment_code\assignment_code\assignment_code.csproj]

    3 Warning(s)
    32 Error(s)

Time Elapsed 00:00:02.85
